seq_1	TACGGAGGATCCGAGCGTTATCCGGATTTATTGGGTTTAAAGGGAGCGTAGGTGGACAGTTAAGTCAGTTGTGAAAGTTTGCGGCTCAACCGTAAAATTGCAGTTGATACTGGCTGTCTTGAGTACAGTAGAGGTGGGCGGAATTCGTGGTGTAGCGGTGAAATGCTTAGATATCACGAAGAACTCCGATTGCGAAGGCAGCTCACTGGACTGCAACTGACACTGATGCTCGAAAGTGTGGGTATCAAACAGG
seq_2	TACGTAGGGGGCTAGCGTTGTCCGGAATCACTGGGCGTAAAGGGTTCGCAGGCGGAAATGCAAGTCAGGTGTAAAAGGCAGTAGCTTAACTACTGTAAGCATTTGAAACTGCATATCTTGAGAAGAGTAGAGGTAAGTGGAATTTTTAGTGTAGCGGTGAAATGCGTAGATATTAAAAAGAATACCGGTGGCGAAGGCGACTTACTGGGCTCATTCTGACGCTGAGGAACGAAAGCGTGGGTAGCAAACAGG
seq_3	CACGTAGGGGGCGAGCGTTGTCCGGAATTACTGGGTGTAAAGGGTGCGTAGGCGGCCTTGCAAGTCAGATGTGAAAGATCACGGCTTAACTGTGGTAAGCATTTGAAACTGTAAGGCTTGAGTGCAGGAGAGGAGAGTGGAATTCCTAGTGTAGCGGTGAAATGCGTAGATATTAGGAAGAATATCAGTGGCGAAGGCGGCTCTCTGGACTGCAACTGACGCTGAGGCACGAAAGCGTGGGGAGCAAACAGG
seq_4	TACGGAGGATCCGAGCGTTATCCGGATTTATTGGGTTTAAAGGGAGCGTAGGCGGACGCTTAAGTCAGTTGTGAAAGTTTGCGGCTCAACCGTAAAATTGCAGTTGATACTGGGTGTCTTGAGTACAGTAGAGGCAGGCGGAATTCGTGGTGTAGCGGTGAAATGCTTAGATATCACGAAGAACTCCGATTGCGAAGGCAGCTTGCTGGACTGTAACTGACGCTGATGCTCGAAAGTGTGGGTATCAAACAGG
seq_5	TACGTAGGTGGCAAGCGTTGTCCGGATTTATTGGGCGTAAAGCGAGCGCAGGCGGTTTCTTAAGTCTGATGTGAAAGCCCCCGGCTCAACCGGGGAGGGTCATTGGAAACTGGGAGACTTGAGTGCAGAAGAGGAGAGTGGAATTCCATGTGTAGCGGTGAAATGCGTAGATATATGGAGGAACACCAGTGGCGAAGGCGGCTCTCTGGTCTGTAACTGACGCTGAGGCTCGAAAGCGTGGGGAGCAAACAGG
seq_6	TACGGAGGGTGCAAGCGTTAATCGGAATTACTGGGCGTAAAGCGCACGCAGGCGGTTTGTTAAGTCAGATGTGAAATCCCCGGGCTCAACCTGGGAACTGCATCTGATACTGGCAAGCTTGAGTCTCGTAGAGGGGGGTAGAATTCCAGGTGTAGCGGTGAAATGCGTAGAGATCTGGAGGAATACCGGTGGCGAAGGCGGCCCCCTGGACGAAGACTGACGCTCAGGTGCGAAAGCGTGGGGAGCAAACAGG
seq_7	TACGTAGGGGGCTAGCGTTGTCCGGAATCACTGGGCGTAAAGGGTTCGCAGGCGGCAATGCAAGTCAGATGTAAAAGGCAAAGGCTCAACCTTTGTAAGCATCTGAAACTGTATAGCTTGAGAAGTGTAGAGGCAAGTGGAATTTTTAGTGTAGCGGTGAAATGCGTAGATATTAAAAAGAATACCGGTGGCGAAGGCGACTTGCTGGGCACAATCTGACGCTGAGGAACGAAAGCGTGGGGAGCAAACAGG
seq_8	TACGTAGGTGGCGAGCGTTATCCGGATTTACTGGGCGTAAAGGGAGCGTAGGCGGATGATTAAGTGGGATGTGAAATACCCGGGCTCAACTTGGGTGCTGCATTCCAAACTGGTTATCTAGAGTGCAGGAGAGGAGAGTGGAATTCCTAGTGTAGCGGTGAAATGCGTAGAGATTAGGAAGAACACCAGTGGCGAAGGCGACTCTCTGGACTGTAACTGACGCTGAGGCTCGAAAGCGTGGGGAGCAAACAGG
seq_9	TACGGAGGATCCGAGCGTTATCCGGATTTATTGGGTTTAAAGGGAGCGTAGGTGGACTGGTAAGTCAGTTGTGAAAGTTTGCGGCTCAACCGTAAAATTGCAGTTGATACTGTCAGTCTTGAGTACAGTAGAGGTGGGCGGAATTCGTGGTGTAGCGGTGAAATGCTTAGATATCACGAAGAACTCCGATTGCGAAGGCAGCTCACTGGACTGCAACTGACACTGATGCTCGAAAGTGTGGGTATCAAACAGG
seq_10	TACGTAGGGGGCAAGCGTTATCCGGATTTACTGGGTGTAAAGGGAGCGTAGACGGTAAAGCAAGTCTGAAGTGAAAGCCCGCGGCTCAACTGCGGGACTGCTTTGGAAACTGTTTAACTGGAGTGTCGGAGAGGTAAGTGGAATTCCTAGTGTAGCGGTGAAATGCGTAGATATTAGGAGGAACACCAGTGGCGAAGGCGACTTACTGGACGATAACTGACGTTGAGGCTCGAAAGCGTGGGGAGCAAACAGG
seq_11	TACGTAGGTGGCAAGCGTTGTCCGGAATTATTGGGCGTAAAGCGCGCGCAGGCGGATAGGTCAGTCTGTCTTAAAAGTTCGGGGCTTAACCCCGTGATGGGATGGAAACTGCCAATCTAGAGTATCGGAGAGGAAAGTGGAATTCCTAGTGTAGCGGTGAAATGCGTAGATATTAGGAAGAACACCAGTGGCGAAGGCGACTTTCTGGACGAAAACTGACGCTGAGGCGCGAAAGCCAGGGGAGCGAACGGG
seq_12	TACGTAGGGGGCAAGCGTTATCCGGATTTACTGGGTGTAAAGGGAGCGTAGACGGCGAAGCAAGTCTGAAGTGAAAACCCAGGGCTCAACCCTGGGACTGCTTTGGAAACTGTTTTGCTAGAGTGTCGGAGAGGTAAGTGGAATTCCTAGTGTAGCGGTGAAATGCGTAGATATTAGGAGGAACACCAGTGGCGAAGGCGGCTTACTGGACGATAACTGACGTTGAGGCTCGAAAGCGTGGGGAGCAAACAGG
seq_13	TACGGAGGATCCGAGCGTTATCCGGATTTATTGGGTTTAAAGGGAGCGTAGGCGGATTGTTAAGTCAGTTGTGAAAGTTTGCGGCTCAACCGTAAAATTGCAGTTGATACTGGCAGTCTTGAGTGCAGTAGAGGTGGGCGGAATTCGTGGTGTAGCGGTGAAATGCTTAGATATCACGAAGAACTCCGATTGCGAAGGCAGCTCACTGGAGTGTAACTGACGCTGATGCTCGAAAGTGTGGGTATCAAACAGG
seq_14	TACGGAGGATCCGAGCGTTATCCGGATTTATTGGGTTTAAAGGGAGCGTAGGTGGATTGTTAAGTCAGTTGTGAAAGTTTGCGGCTCAACCGTAAAATTGCAGTTGAAACTGGCAGTCTTGAGTACAGTAGAGGTGGGCGGAATTCGTGGTGTAGCGGTGAAATGCTTAGATATCACGAAGAACTCCGATTGCGAAGGCAGCTCACTAGACTGCAACTGACACTGATGCTCGAAAGTGTGGGTATCAAACAGG
seq_15	TACGGGGGGTGCAAGCGTTACTCGGAATCACTGGGCGTAAAGGACGCGTAGGCGGATTATCAAGTCTTTTGTGAAATCTAGTGGCTTAACCACTAAACTGCTTAGGAAACTGATAGTCTAGAGTAGGGGAGAGGTAGATGGAATTCTTGGTGTAGGGGTAAAATCCGTAGAGATCAAGAAGAATACCCATTGCGAAAGCGATTTGCTGGAACCTAACTGACGCTGAGGCGTGAAAGCGTGGGTAGCAAACAGG
seq_16	TACGTAGGGGGCAAGCGTTATCCGGATTTACTGGGTGTAAAGGGAGCGTAGACGGCGATGCAAGCCAGATGTGAAAGCCCGGGGCTCAACCCCGGGACTGCATTTGGAACTGCGTGGCTGGAGTGTCGGAGAGGCAGGCGGAATTCCTAGTGTAGCGGTGAAATGCGTAGATATTAGGAGGAACACCAGTGGCGAAGGCGGCCTGCTGGACGATGACTGACGTTGAGGCTCGAAAGCGTGGGGAGCAAACAGG
seq_17	TACGTAGGTGGCAAGCGTTATCCGGATTTACTGGGTGTAAAGGGCGTGTAGGCGGGATTGCAAGTCAGATGTGAAAACTGGGGGCTCAACCTCCAGCCTGCATTTGAAACTGTAGTTCTTGAGTGCTGGAGAGGCAATCGGAATTCCGTGTGTAGCGGTGAAATGCGTAGATATACGGAGGAACACCAGTGGCGAAGGCGGATTGCTGGACAGTAACTGACGCTGAGGCGCGAAAGCGTGGGGAGCAAACAGG
seq_18	TACGTAGGTCCCGAGCGTTGTCCGGATTTATTGGGCGTAAAGCGAGCGCAGGCGGTTTAATAAGTCTGAAGTTAAAGGCAGTGGCTTAACCATTGTTCGCTTTGGAAACTGTTAAACTTGAGTGCAGAAGGGGAGAGTGGAATTCCATGTGTAGCGGTGAAATGCGTAGATATATGGAGGAACACCGGTGGCGAAAGCGGCTCTCTGGTCTGTAACTGACGCTGAGGCTCGAAAGCGTGGGGAGCAAACAGG
seq_19	TACGTAGGGTGCAAGCGTTATCCGGAATTATTGGGCGTAAAGGGCTCGTAGGCGGTTCGTCGCGTCCGGTGTGAAAGTCCATCGCTTAACGGTGGATCTGCGCCGGGTACGGGCGGGCTGGAGTGCGGTAGGGGAGACTGGAATTCCCGGTGTAACGGTGGAATGTGTAGATATCGGGAAGAACACCAATGGCGAAGGCAGGTCTCTGGGCCGTTACTGACGCTGAGGAGCGAAAGCGTGGGGAGCGAACAGG
seq_20	TACGTATGGAGCGAGCGTTGTCCGGAATTATTGGGCGTAAAGGGTACGCAGGCGGTTTAATAAGTCGAATGTTAAAGATCGGGGCTCAACCCCGTAAAGCATTGGAAACTGATAAACTTGAGTAGTGGAGAGGAAAGTGGAATTCCTAGTGTAGTGGTGAAATACGTAGATATTAGGAGGAATACCAGTAGCGAAGGCGACTTTCTGGACACAAACTGACGCTGAGGTACGAAAGCGTGGGGAGCAAACAGG
seq_21	AACATAGGGGGCAAGCGTTGTCCGGAATCACTGGGCGTAAAGGGCGCGCAGGCGGTCTGTTAAGTCAGATGTGAAAGGTTAGGGCTCAACCCTGAACGTGCATCTGATACTGGCAGACTTGAGTATGGAAGAGGTAAGTGGAATTCCTAGTGTAGCGGTGAAATGCGTAGATATTAGGAGGAACACCAGTGGCGAAGGCGACTTACTGGGCCATAACTGACGCTGAGGCGCGAAAGCGTGGGGAGCAAACAGG
seq_22	TACGGAGGATCCGAGCGTTATCCGGATTTATTGGGTTTAAAGGGAGCGTAGGTGGATTGTTAAGTCAGTTGTGAAAGTTTGCGGCTCAACCGTAAAATTGCAGTTGAAACTGGCAGTCTTGAGTACAGTAGAGGTGGGCGGAATTCGTGGTGTAGCGGTGAAATGCTTAGATATCACGAAGAACTCCGATTGCGAAGGCAGCTCACTAGACTGTCACTGACACTGATGCTCGAAAGTGTGGGTATCAAACAGG
seq_23	TACGTAGGTGGCGAGCGTTGTCCGGAATTATTGGGCGTAAAGAGCATGTAGGCGGCTTAATAAGTCGAGCGTGAAAATGCGGGGCTCAACCCCGTATGGCGCTGGAAACTGTTAGGCTTGAGTGCAGGAGAGGAAAGGGGAATTCCCAGTGTAGCGGTGAAATGCGTAGATATTGGGAGGAACACCAGTGGCGAAGGCGCCTTTCTGGACTGTGTCTGACGCTGAGATGCGAAAGCCAGGGTAGCGAACGGG
seq_24	TACGTAGGGGGCAAGCGTTATCCGGATTTACTGGGTGTAAAGGGAGCGTAGACGGTTAAGCAAGTCTGAAGTGAAAGCCCGGGGCTCAACCCCGGTACTGCTTTGGAAACTGTTTGACTTGAGTGCAGGAGAGGTAAGTGGAATTCCTAGTGTAGCGGTGAAATGCGTAGATATTAGGAGGAACACCAGTGGCGAAGGCGGCTTACTGGACTGTAACTGACGTTGAGGCTCGAAAGCGTGGGGAGCAAACAGG
seq_25	TACGGAGGATCCGAGCGTTATCCGGATTTATTGGGTTTAAAGGGAGCGTAGGTGGATTGTTAAGTCAGTTGTGAAAGTTTGCGGCTCAACCGTAAAATTGCAGTTGAAACTGGCAGTCTTGAGTACAGTAGAGGTGGGCGGAATTCGTGGTGTAGCGGTGAAATGCTTAGATATCACGAAGAACTCCGATTGCGAAGGCAGCTCACTGGACTGCAACTGACACTGATGCTCGAAAGTGTGGGTATCAAACAGG
seq_26	TACGTATGGACCGAGCGTTGTCCGGAATCATTGGGCGTAAAGGGTACGTAGGCGGCCTAGTAAGTTAGAAGTGAAATAATATAGCTCAACTATATAAAGCTTTTAAAACTGTTAGGCTTGAGAGATGAAAGGGAAAGTGGAATTCCTAGTGTAGCGGTGAAATGCGCAGATATTAGGAAGAATACCGGTGGCGAAGGCGACTTTCTGGTCATCATCTGACGCTGAGGTACGAAAGCGTGGGTAGCAAACAGG
seq_27	TACGTAGGTGGCAAGCGTTGTCCGGAATTATTGGGCGTAAAGCGCGCGCAGGCGGATAGGTCAGTCTGTCTTAAAAGTTCGGGGCTTAACCCCGTGATGGGATGGAAACTGCCAATCTAGAGTATCGGAGAGGAAAGTGGAATTCCTAGTGTAGCGGTGAAATGCGTAGATATTAGGAAGAACACCAGTGGCGAAGGCGACTTTCTGGACGAAGACTGACGCTGAGGCGCGAAAGCCAGGGGAGCGAACGGG
seq_28	TACGTAGGTGGCAAGCGTTGTCCGGATTTACTGGGCGTAAAGGGTGCGTAGGCGGATGCTTAAGTGAGATGTGAAATACCTAGGCTTAACTTAGGGGCTGCATTTCAAACTGGGCATCTAGAGTACAGGAGAGGGAAACGGAATTCCTAGTGTAGCGGTGAAATGCGTAGAGATTAGGAAGAACACCAGTGGCGAAGGCGGTTTCCTGGACTGTAACTGACGCTGAGGCACGAAAGCGTGGGTAGCAAACAGG
seq_29	TACGTAGGTGGCAAGCGTTGTCCGGAATTATTGGGCGTAAAGCGCGCGCAGGCGGATCGGTCAGTCTGTCTTAAAAGTTCGGGGCTTAACCCCGTGATGGGATGGAAACTGCCAATCTAGAGTATCGGAGAGGAAAGTGGAATTCCTAGTGTAGCGGTGAAATGCGTAGATATTAGGAAGAACACCAGTGGCGAAGGCGACTTTCTGGACGAAAACTGACGCTGAGGCGCGAAAGCCAGGGGAGCGAACGGG
seq_30	TACGTAGGGGGCAAGCGTTATCCGGATTTACTGGGTGTAAAGGGAGCGTAGACGGCTGTGCAAGTCTGAAGTGAAAGGCATGGGCTCAACCTGTGGACTGCTTTGGAAACTGTGCAGCTAGAGTGTCGGAGAGGTAAGTGGAATTCCTAGTGTAGCGGTGAAATGCGTAGATATTAGGAGGAACACCAGTGGCGAAGGCGGCTTACTGGACGATGACTGACGTTGAGGCTCGAAAGCGTGGGGAGCAAACAGG
seq_31	TACGTAGGGGGCGAGCGTTGTCCGGATTTATTGGGCGTAAAGGGTTCGCAGGCGGCCAAATAAGTCAGATGTGAAAGCCCACGGCTTAACCGTGGTAAGCATTTGAAACTGTATGGCTTGAGTTAAGGAGAGGAAAGTGGAATTCCTAGTGTAGCGGTGAAATGCGTAGATATTAGGAAGAATACCAGTGGCGAAGGCGACTTTCTGGACTTATACTGACGCTGAGGAACGAAAGCGTGGGGAGCAAACAGG
seq_32	TACGGAGGATGCGAGCGTTATCCGGATTTATTGGGTTTAAAGGGTGCGTAGGTGGTGATTTAAGTCAGCGGTGAAAGTTTGTGGCTCAACCATAAAATTGCCGTTGAAACTGGGTTACTTGAGTGTGTTTGAGGTAGGCGGAATGCGTGGTGTAGCGGTGAAATGCATAGATATCACGCAGAACTCCGATTGCGAAGGCAGCTTACTAAACCATAACTGACACTGAAGCACGAAAGCGTGGGGATCAAACAGG
seq_33	TACGTAGGTGGCGAGCGTTATCCGGAATTATTGGGCGTAAAGAGGGAGCAGGCGGCACTAAGGGTCTGTGGTGAAAGATCGAAGCTTAACTTCGGTAAGCCATGGAAACCGTAGAGCTAGAGTGTGTGAGAGGATCGTGGAATTCCATGTGTAGCGGTGAAATGCGTAGATATATGGAGGAACACCAGTGGCGAAGGCGACGATCTGGCGCATAACTGACGCTCAGTCCCGAAAGCGTGGGGAGCAAATAGG
seq_34	TACGGAGGATCCGAGCGTTATCCGGATTTATTGGGTTTAAAGGGAGCGTAGGTGGACAGTTAAGTCAGTTGTGAAAGTTTGCGGCTCAACCGTAAAATTGCAGTTGATACTGGCTGTCTTGAGTACAGTAGAGGTGGGCGGAATTCGTGGTGTAGCGGTGAAATGCTTAGATATCACGAAGAACTCCGATTGCGAAGGCAGCTCACTAGACTGCAACTGACACTGATGCTCGAAAGTGTGGGTATCAAACAGG
seq_35	TACGTAGGGGGCAAGCGTTATCCGGATTTACTGGGTGTAAAGGGAGCGTAGACGGAAGAGCAAGTCTGATGTGAAAGGCTGGGGCTTAACCCCAGGACTGCATTGGAAACTGTTGTTCTAGAGTGCCGGAGAGGTAAGCGGAATTCCTAGTGTAGCGGTGAAATGCGTAGATATTAGGAGGAACACCAGTGGCGAAGGCGGCTTACTGGACGGTAACTGACGTTGAGGCTCGAAAGCGTGGGGAGCAAACAGG
seq_36	TACGTAGGTGGCAAGCGTTATCCGGAATTATTGGGCGTAAAGAGGGAGCAGGCGGCAGCAAGGGTCTGTGGTGAAAGCCTGAAGCTTAACTTCAGTAAGCCATAGAAACCAGGCAGCTAGAGTGCAGGAGAGGATCGTGGAATTCCATGTGTAGCGGTGAAATGCGTAGATATATGGAGGAACACCAGTGGCGAAGGCGACGATCTGGCCTGCAACTGACGCTCAGTCCCGAAAGCGTGGGGAGCAAATAGG
seq_37	TACGTAGGGGGCAAGCGTTATCCGGATTTACTGGGTGTAAAGGGAGCGTAGACGGCGACGCAAGTCTGGAGTGAAAGCCCGGGGCCCAACCCCGGGACTGCTTTGGAAACTGTGCTGCTGGAGTGCAGGAGAGGTAAGTGGAATTCCTAGTGTAGCGGTGAAATGCGTAGATATTAGGAGGAACACCAGTGGCGAAGGCGGCTTACTGGACTGTAACTGACGTTGAGGCTCGAAAGCGTGGGGAGCAAACAGG
seq_38	TACGTAGGGGGCAAGCGTTATCCGGATTTACTGGGTGTAAAGGGAGCGTAGACGGTTTAGCAAGTCTGAAGTGAAAGCCCGGGGCTCAACCCCGGTACTGCTTTGGAAACTGTTAGACTTGAGTGCAGGAGAGGTAAGTGGAATTCCTAGTGTAGCGGTGAAATGCGTAGATATTAGGAGGAACACCAGTGGCGAAGGCGGCTTACTGGACTGTAACTGACGTTGAGGCTCGAAAGCGTGGGGAGCAAACAGG
seq_39	TACGGAGGATCCGAGCGTTATCCGGATTTATTGGGTTTAAAGGGAGCGTAGGTGGATTGTTAAGTCAGTTGTGAAAGTTTGCGGCTCAACCGTAAAATTGCAGTTGAAACTGGCAGTCTTGAGTACAGTAGAGGTGGGCGGAATTCGTGGTGTAGCGGTGAAATGCTTAGATATCACGAAGAACTCCGATTGCGAAGGCAGCTCACTAGACTGTCACTGACGCTGATGCTCGAAAGTGTGGGTATCAAACAGG
seq_40	TACGTAGGTGGCAAGCGTTGTCCGGAATTATTGGGCGTAAAGCGCGCGCAGGCGGTTTCTTAAGTCCATCTTAAAAGCGTGGGGCTCAACCCCATGAGGGGATGGAAACTGGGAAGCTGGAGTATCGGAGAGGAAAGTGGAATTCCTAGTGTAGCGGTGAAATGCGTAGAGATTAGGAAGAACACCGGTGGCGAAGGCGACTTTCTAGACGAAAACTGACGCTGAGGCGCGAAAGCGTGGGGAGCAAACAGG
seq_41	TACGTATGGAGCGAGCGTTGTCCGGAATTATTGGGCGTAAAGGGTACGCAGGCGGTTTAATAAGTCGAATGTTAAAGATCGGGGCTCAACCCCGCAAAGCATTGGAAACTGATAAACTTGAGTAGTGGAGAGGAAAGTGGAATTCCTAGTGTAGTGGTGAAATACGTAGATATTAGGAGGAATACCAGTAGCGAAGGCGACTTTCTGGACACAAACTGACGCTGAGGTACGAAAGCGTGGGGAGCAAACAGG
seq_42	TACGGAGGATCCGAGCGTTATCCGGATTTATTGGGTTTAAAGGGAGCGTAGGTGGACAGTTAAGTCAGTTGTGAAAGTTTGCGGCTCAACCGTAAAATTGCAGTTGATACTGGCTGTCTTGAGTACAGTAGAGGTGGGCGGAATTCGTGGTGTAGCGGTGAAATGCTTAGATATCACGAAGAACTCCGATTGCGAAGGCAGCTCACTAGACTGTCACTGACACTGATGCTCGAAAGTGTGGGTATCAAACAGG
seq_43	TACGGAGGATGCGAGCGTTATCCGGAATTATTGGGTTTAAAGGGTGCGTAGGTTGCAAGGGAAGTCAGGGGTGAAAAGCTGTAGCTCAACTATGGTCTTGCCTTTGAAACTCTCTAGCTAGAGTGTACTGGAGGTACGTGGAACGTGTGGTGTAGCGGTGAAATGCATAGATATCACACAGAACTCCGATTGCGCAGGCAGCGTACTACATTACAACTGACACTGAAGCACGAAAGCGTGGGTATCCAACAGG
seq_44	TACGTAGGGGGCAAGCGTTATCCGGATTTACTGGGTGTAAAGGGAGCGTAGACGGAAGAGCAAGTCTGATGTGAAAGGCTGGGGCTTAACCCCAGGACTGCATTGGAAACTGTTTTTCTAGAGTGCCGGAGAGGTAAGCGGAATTCCTAGTGTAGCGGTGAAATGCGTAGATATTAGGAGGAACACCAGTGGCGAAGGCGGCTTACTGGACGGTAACTGACGTTGAGGCTCGAAAGCGTGGGGAGCAAACAGG
seq_45	TACGTAGGGGGCAAGCGTTATCCGGATTTACTGGGTGTAAAGGGAGCGTAGACGGCATGGCAAGTCTGAAGTGAAAACCCAGGGCTCAACCCTGGGACTGCTTTGGAAACTGTCAAGCTAGAGTGCAGGAGAGGTAAGTGGAATTCCTAGTGTAGCGGTGAAATGCGTAGATATTAGGAGGAACACCAGTGGCGAAGGCGGCTTACTGGACTGTAACTGACGTTGAGGCTCGAAAGCGTGGGGAGCAAACAGG
seq_46	TACGTAGGGGGCGAGCGTTGTCCGGAATCACTGGGCGTAAAGGGTTCGCAGGCGGTCTATCAAGTCTGATGTGAAAGGCATGGGCTTAACCCATGTAAGCATTGGAAACTGATAGACTTGAGTTAAGGAGAGGTAAGTGGAATTCCTAGTGTAGCGGTGAAATGCGTAGATATTAGGAAGAATACCGGTGGCGAAGGCGACTTACTGGACTTAAACTGACGCTGAGGAACGAAAGCGTGGGGAGCAAACAGG
seq_47	TACGTATGGAGCAAGCGTTATCCGGATTTACTGGGTGTAAAGGGAGCGTAGGCGGTTATGCAAGTCAGATGTGAAAGCCCGGGGCTTAACCCCGGGACTGCATTTGAAACTGTGTAACTAGAGTGTCGGAGAGGTAAGTGGAATTCCTAGTGTAGCGGTGAAATGCGTAGATATTAGGAGGAACACCAGTGGCGAAGGCGGCTTACTGGACGATAACTGACGCTGAGGCTCGAAAGCGTGGGGAGCAAACAGG
seq_48	TACGTAGGGGACAAGCGTTGTCCGGAATGACTGGGCGTAAAGGGCGCGTAGGCGGTCTATTAAGTCTGATGTGAAAGGTACCGGCTCAACCGGTGAAGTGCATTGGAAACTGGTAGACTTGAGTATTGGAGAGGCAAGTGGAATTCCTAGTGTAGCGGTGAAATGCGTAGATATTAGGAGGAACACCAGTGGCGAAGGCGGCTTGCTGGACAAATACTGACGCTGAGGTGCGAAAGCGTGGGGAGCGAACAGG
seq_49	TACGTAGGGGGCGAGCGTTGTCCGGAATTACTGGGCGTAAAGGGTTCGCAGGCGGCATGGCAAGTCCGATGTAAAAGGCGAAGGCTCAACCTTCGTAAGCATCGGAAACTGTCAAGCTTGAGTGAAGGAGAGGCAAGTGGAATTCCTAGTGTAGCGGTGGAATGCGTAGATATTAGGAGGAATACCGGTGGCGAAGGCGACTTGCTGGACTTCAACTGACGCTGAGGAACGAAAGCGTGGGTAGCAAACAGG
seq_50	TACGTAGGGGGCAAGCGTTATCCGGATTTACTGGGTGTAAAGGGAGCGTAGACGGCGAAGCAAGTCTGAAGTGAAAACCCAGGGCTCAACCCTGGGACTGCTTTGGAAACTGTTTTGCTAGAGTGTCGGAGAGGTAAGTGGAATTCCTAGTGTAGCGGTGAAATGCGTAGATATTAGGAGGAACACCAGCGGCGAAGGCGGCTTACTGGACGATAACTGACGTTGAGGCTCGAAAGCGTGGGGAGCAAACAGG
seq_51	TACGTAGGGAGCGAGCGTTGTCCGGAATTACTGGGTGTAAAGGGAGCGTAGGCGGGGTCTCAAGTCGAATGTTAAATCTACCGGCTCAACTGGTAGCTGCGTTCGAAACTGGGGCTCTTGAGTGAAGTAGAGGCAGGCGGAATTCCTAGTGTAGCGGTGAAATGCGTAGATATTAGGAGGAACACCAGTGGCGAAGGCGGCCTGCTGGGCTTTTACTGACGCTGAGGCTCGAAAGCGTGGGGAGCAAACAGG
seq_52	TACGTAGGGGGCAAGCGTTATCCGGATTTACTGGGTGTAAAGGGAGCGTAGACGGCACGGCAAGCCAGATGTGAAAGCCCGGGGCTCAACCCCGGGACTGCATTTGGAACTGCTGAGCTAGAGTGTCGGAGAGGCAAGTGGAATTCCTAGTGTAGCGGTGAAATGCGTAGATATTAGGAGGAACACCAGTGGCGAAGGCGGCTTGCTGGACGATGACTGACGTTGAGGCTCGAAAGCGTGGGGAGCAAACAGG
seq_53	TACGTAGGGGGCGAGCGTTGTTCGGAATTATTGGGCGTAAAGGGTACGTAGGCGGTTTGTTAAGTTTGGCGTTAAATCACGGGGCTCAACCCCGTTCAGCGTTGAAAACTGGCAAACTTGAGTAGTAGAGGGGACAGTGGAATTCCTAGTGTAGCGGTGAAATGCGTAGAGATTAGGAAGAATACCGGTGGCGAAGGCGACTGTCTGGATACATACTGACGCTCAGGTACGAAAGCGTGGGGAGCAAACAGG
seq_54	TACGTAGGTGGCAAGCGTTATCCGGAATCATTGGGCGTAAAGGGTGCGTAGGTGGCGTACTAAGTCTGTAGTAAAAGGCAATGGCTCAACCATTGTAAGCTATGGAAACTGGTAGGCTAGAGTGCAGAAGAGGGCGATGGAATTCCATGTGTAGCGGTAAAATGCGTAGATATATGGAGGAACACCAGTGGCGAAGGCGGTCGCCTGGTCTGTAACTGACACTGAGGCACGAAAGCGTGGGGAGCAAATAGG
seq_55	TACGTAGGTGGCAAGCGTTATCCGGATTTACTGGGTGTAAAGGGCGTGTAGGCGGGCCTGCAAGTCAGGTGTGAAATTCCAGGGCTCAACCCTGGAACTGCACTTGAAACTGTGGGTCTTGAGTGATGGAGAGGCAGGCGGAATTCCGTGTGTAGCGGTGAAATGCGTAGATATACGGAGGAACACCAGTGGCGAAGGCGGCCTGCTGGACATTAACTGACGCTGAGGCGCGAAAGCGTGGGGAGCAAACAGG
seq_56	TACGTATGGTGCAAGCGTTATCCGGATTTACTGGGTGTAAAGGGAGCGTAGACGGCTGTGTAAGTCTGAAGTGAAAGCCCGGGGCTCAACCCCGGGACTGCTTTGGAAACTATGCAGCTAGAGTGTCGGAGAGGTAAGTGGAATTCCCAGTGTAGCGGTGAAATGCGTAGATATTGGGAGGAACACCAGTGGCGAAGGCGGCTTACTGGACGATGACTGACGTTGAGGCTCGAAAGCGTGGGGAGCAAACAGG
seq_57	TACGTAGGTGGCGAGCGTTGTCCGGATTTACTGGGCGTAAAGGGTGCGTAGGCGGATGTTTAAGTGGGATGTGAAATCCCCGGGCTTAACCTGGGGGCTGCATTCCAAACTGGATATCTAGAGTGCAGGAGAGGAAAGCGGAATTCCTAGTGTAGCGGTGAAATGCGTAGAGATTAGGAAGAACACCAGTGGCGAAGGCGGCTTTCTGGACTGTAACTGACGCTGAGGCACGAAAGCGTGGGTAGCAAACAGG
seq_58	TACGGAGGATCCGAGCGTTATCCGGATTTATTGGGTTTAAAGGGAGCGTAGGCGGGTTGTTAAGTCAGTTGTGAAAGTTTGCGGCTCAACCGTAAAATTGCAGTTGATACTGGCGACCTTGAGTGCAACAGAGGTAGGCGGAATTCGTGGTGTAGCGGTGAAATGCTTAGATATCACGAAGAACTCCGATTGCGAAGGCAGCTTACTGGATTGTAACTGACGCTGATGCTCGAAAGTGTGGGTATCAAACAGG
seq_59	TACGTAGGTGGCAAGCGTTATCCGGATTTACTGGGTGTAAAGGGCGTGTAGGCGGGACTGCAAGTCAGGTGTGAAAACCAGGGGCTCAACCTCTGGCCTGCATTTGAAACTGTAGTTCTTGAGTGCTGGAGAGGCAATCGGAATTCCGTGTGTAGCGGTGAAATGCGTAGATATACGGAGGAACACCAGTGGCGAAGGCGGATTGCTGGACAGTAACTGACGCTGAGGCGCGAAAGCGTGGGGAGCAAACAGG
seq_60	TACGTAGGTGGCAAGCGTTATCCGGAATTATTGGGCGTAAAGGGTGCGTAGGCGGCGAGATAAGTCTGAGGTAAAAGCCCGTGGCTCAACCACGGTAAGCCTTGGAAACTGTCTGGCTGGAGTGCAGGAGAGGACAATGGAATTCCATGTGTAGCGGTAAAATGCGTAGATATATGGAGGAACACCAGTGGCGAAGGCGGTTGTCTGGCCTGTAACTGACGCTGAAGCACGAAAGCGTGGGGAGCAAATAGG
seq_61	CACGTAGGGGGCGAGCGTTGTCCGGAATTACTGGGTGTAAAGGGTGCGTAGGCGGCCTTGCAAGTCAGATGTGAAAGATCACGGCTTAACTGTGGTAAGCATTTGAAACTGTAAGGCTTGAGTGCAGGAGAGGAGAGTGGAATTCCTAGTGTAGCGGTGAAATGCGTAGATATTAGGAAGAATATCAGTGGCGAAGGCGGTTTGCTGGCTGCATACTGACGCTGAAGCGCGAAAGCCAGGGGAGCAAACGGG
seq_62	TACGTAGATGGCGAGCGTTGTCCGGAATTACTGGGTGTAAAGGGAGTGTAGGCGGGCTGGTAAGTTGAATGTGAAACCTTCGGGCTCAACCCGGAGCGTGCGTTCAAAACTGCTGGTCTTGAGTGAAGTAGAGGCAGGCGGAATTCCCGGTGTAGCGGTGGAATGCGTAGATATCGGGAGGAACACCAGTGGCGAAGGCGGCCTGCTGGGCTTTTACTGACGCTGAGGCTCGAAAGCATGGGTAGCAAACAGG
seq_63	TACGGAGGATCCGAGCGTTATCCGGATTTATTGGGTTTAAAGGGAGCGTAGGTGGACAGTTAAGTCAGTTGTGAAAGTTTGCGGCTCAACCGTAAAATTGCAGTTGATACTGGCTGTCTTGAGTACAGTAGAGGTGGGCGGAATTCGTGGTGTAGCGGTGAAATGCTTAGATATCACGAAGAACTCCGATTGCGAAGGCAGCTCACTAGACTGTCACTGACGCTGATGCTCGAAAGTGTGGGTATCAAACAGG
seq_64	CACGTAGGGGGCGAGCGTTGTCCGGAATTACTGGGTGTAAAGGGTGCGTAGGCGGCCTTGCAAGTCAGATGTGAAAGATCACGGCTTAACTGTGGTAAGCATTTGAAACTGTAAGGCTTGAGTGCAGGAGAGGAGAGTGGAATTCCTAGTGTAGCGGTGAAATGCGTAGATATCAGGAAGAATACCAGTGGCGAAGGCGGTTTGCTGGCTGCATACTGACGCTGAAGCGCGAAAGCCAGGGGAGCAAACGGG
seq_65	TACGTAGGGGGCAAGCGTTATCCGGATTTACTGGGTGTAAAGGGAGCGTAGACGGCGAAGCAAGTCTGGAGTGAAAACCCAGGGCTCAACCCTGGGACTGCTTTGGAAACTGTTTTGCTAGAGTGTCGGAGAGGTAAGTGGAATTCCTAGTGTAGCGGTGAAATGCGTAGATATTAGGAGGAACACCAGTGGCGAAGGCGGCTTACTGGACGATAACTGACGTTGAGGCTCGAAAGCGTGGGGAGCAAACAGG
seq_66	TACGTAGGGGGCTAGCGTTATCCGGATTTACTGGGCGTAAAGGGTGCGTAGGTGGTTTCTTAAGTCAGGAGTGAAAGGCTACGGCTCAACCGTAGTAAGCTCTTGAAACTGGGAGACTTGAGTGCAGGAGAGGAAAGTGGAATTCCTAGTGTAGCGGTGAAATGCGTAGATATTAGGAGGAACACCAGTAGCGAAGGCGGCTTTCTGGACTGTAACTGACACTGAGGCACGAAAGCGTGGGGAGCGAACAGG
seq_67	TACGTAGGGGGCTAGCGTTATCCGGAATTACTGGGCGTAAAGGGTGCGTAGGCGGTCTTTCAAGCCAGAAGTGAAAGGCTACGGCTCAACCGTAGTAAGCTTTTGGAACTGTAGGACTTGAGTGCAGGAGAGGAGAGTGGAATTCCTAGTGTAGCGGTGAAATGCGTAGATATTAGGAGGAACACCAGTAGCGAAGGCGGCTCTCTGGACTGTAACTGACGCTGAGGCACGAAAGCGTGGGGAGCAAACAGG
seq_68	TACGTAGGTGGCGAGCGTTATCCGGAATTATTGGGCGTAAAGGGTGCGCAGGCGGTTTTTTAAGTTTAAGGTGAAAGCGTGGGGCTTAACCCCATATAGCCTTAGAAACTGAGAGACTAGAGTACAGGAGAGGGCAATGGAATTCCATGTGTAGCGGTAAAATGCGTAGATATATGGAGGAACACCAGTGGCGAAGGCGGTTGCCTGGCCTGTAACTGACGCTCATGCACGAAAGCGTGGGGAGCAAATAGG
seq_69	TACGTAGGTGGCAAGCGTTGTCCGGATTTACTGGGTGTAAAGGGCGTGCAGCCGGGCCGGCAAGTCAGATGTGAAATCTGGAGGCTTAACCTCCAAACTGCATTTGAAACTGTAGGTCTTGAGTACCGGAGAGGTTATCGGAATTCCTTGTGTAGCGGTGAAATGCGTAGATATAAGGAAGAACACCAGTGGCGAAGGCGGATAACTGGACGGCAACTGACGGTGAGGCGCGAAAGCGTGGGGAGCAAACAGG
seq_70	TACGTATGGTGCAAGCGTTATCCGGATTTACTGGGTGTAAAGGGAGCGTAGACGGATAGGCAAGTCTGGAGTGAAAACCCAGGGCTCAACCCTGGGACTGCTTTGGAAACTGCAGATCTGGAGTGCCGGAGAGGTAAGCGGAATTCCTAGTGTAGCGGTGAAATGCGTAGATATTAGGAGGAACACCAGTGGCGAAGGCGGCTTACTGGACGGTGACTGACGTTGAGGCTCGAAAGCGTGGGGAGCAAACAGG
seq_71	TACGTAGGGGGCAAGCGTTATCCGGAATTATTGGGCGTAAAGAGTGCGTAGGTGGTTACCTAAGCGCAAGGTTTAATTTAGAGGCTCAACCTCTACTTGCCTTGCGAACTGGGCTACTTGAGTGCAGGAGGGGAAAGCGGAATTCCTAGTGTAGCGGTGAAATGCGTAGATATTAGGAGGAACACCAGCGGCGAAGGCGGCTTTCTGGACTGTGACTGACACTGAGGCACGAAAGCGTGGGTAGCAAACAGG
seq_72	TACGTAGGGGGCAAGCGTTATCCGGATTTACTGGGTGTAAAGGGAGCGTAGACGGCTGTGCAAGTCTGAAGTGAAAGGCATGGGCTCAACCTGTGGACTGCTTTGGAAACTGTGCAGCTAGAGTGTCGGAGAGGTAAGTGGAATTCCTAGTGTAGCGGTGAAATGCGTAGATATTAGGAGGAACACCAGTGGCGAAGGCGGCTTACTGGACGATAACTGACGTTGAGGCTCGAAAGCGTGGGGAGCAAACAGG
seq_73	TACGTAGGGGGCAAGCGTTATCCGGATTTACTGGGTGTAAAGGGAGCGTAGACGGCTGTGCAAGTCTGAAGTGAAAGGCATGGGCTCAACCTGTGGACTGCTTTGGAAACTGTGCAGCTAGAGTGTCGGAGAGGTAAGTGGAATTCCTAGTGTAGCGGTGAAATGCGTAGATATTAGGAGGAACACCAGTGGCGAAGGCGGCTTACTGGACGATGACTAACGTTGAGGCTCGAAAGCGTGGGGAGCAAACAGG
seq_74	TACGGAGGGTGCAAGCGTTAATCGGAATTACTGGGCGTAAAGCGCACGCAGGCGGTCTGTCAAGTCGGATGTGAAATCCCCGGGCTCAACCTGGGAACTGCATTCGAAACTGGCAGGCTAGAGTCTTGTAGAGGGGGGTAGAATTCCAGGTGTAGCGGTGAAATGCGTAGAGATCTGGAGGAATACCGGTGGCGAAGGCGGCCCCCTGGACAAAGACTGACGCTCAGGTGCGAAAGCGTGGGGAGCAAACAGG
seq_75	TACGTAGGTGGCAAGCGTTATCCGGAATCATTGGGCGTAAAGGGTGCGTAGGTGGCGTACTAAGTCTGTAGTAAAAGGCAATGGCTCAACCATTGTAAGCTATGGAAACTGGTATGCTAGAGTGCAGAAGAGGGCGATGGAATTCCATGTGTAGCGGTAAAATGCGTAGATATATGGAGGAACACCAGTGGCGAAGGCGGTCGCCTGGTCTGTAACTGACACTGAGGCACGAAAGCGTGGGGAGCAAATAGG
seq_76	TACGTAGGGGGCAAGCGTTATCCGGAATTATTGGGCGTAAAGAGTGCGTAGGTGGTTACCTAAGCGCAAGGTTTAATTTAGAGGCTCAACCTCTACTTGCCTTGCGAACTGGGCTACTTGAGTGCAGGAGGGGAAAGCGGAATTCCTAGTGTAGCGGTGAAATGCGTAGATATTAGGAGGAACACCAGCGGCGAAGGCGGCTTTCTGGACTGTAACTGACACTGAGGCACGAAAGCGTGGGTAGCAAACAGG
seq_77	TACGTAGGGGGCAAGCGTTATCCGGATTTACTGGGTGTAAAGGGAGCGTAGACGGCGACGCAAGTCTGGAGTGAAAGCCCGGGGCCCAACCCCGGGACTGCTTTGGAAACTGTGTTGCTGGAGTGCAGGAGAGGTAAGTGGAATTCCTAGTGTAGCGGTGAAATGCGTAGATATTAGGAGGAACACCAGTGGCGAAGGCGGCTTACTGGACTGTAACTGACGTTGAGGCTCGAAAGCGTGGGGAGCAAACAGG
seq_78	TACGTAGGGGGCAAGCGTTATCCGGATTTACTGGGTGTAAAGGGAGCGTAGACGGTTTAGCAAGTCTGAAGTGAAAGCCCGGGGCTCAACCCCGGTACTGCTTTGGAAACTGTTGGACTTGAGTGCAGGAGAGGTAAGTGGAATTCCTAGTGTAGCGGTGAAATGCGTAGATATTAGGAGGAACACCAGTGGCGAAGGCGGCTTACTGGACTGTAACTGACGTTGAGGCTCGAAAGCGTGGGGAGCAAACAGG
seq_79	TACGTAGGGGGCTAGCGTTGTCCGGAATCACTGGGCGTAAAGGGTTCGCAGGCGGAAATGCAAGTCAGGTGTAAAAGGCAGTAGCTTAACTACTGTAAGCATTTGAAACTGCATATCTTGAGAAGAGTAGAGGTAAGTGGAATTTTTAGTGTAGCGGTGAAATGCGTAGATATCAGGAAGAATACCAGTGGCGAAGGCGGTTTGCTGGCTGCATACTGACGCTGAAGCGCGAAAGCCAGGGGAGCAAACGGG
seq_80	TACGTAGGGGGCAAGCGTTATCCGGATTTACTGGGTGTAAAGGGAGCGTAGACGGTTATGTAAGTCTGATGTGAAAACCCGGGGCTCAACCCCGGGACTGCATTGGAAACTATGTAACTAGAGTGTCGGAGAGGTAAGTGGAATTCCTAGTGTAGCGGTGAAATGCGTAGATATTAGGAGGAACACCAGTGGCGAAGGCGGCTTACTGGACGATGACTGACGTTGAGGCTCGAAAGCGTGGGGAGCAAACAGG
seq_81	TACGTAGGGTGCAAGCGTTATCCGGAATTATTGGGCGTAAAGGGCTCGTAGGCGGTTCGTCGCGTCCGGTGTGAAAGCCCATCGCTTAACGGTGGGTCTGCGCCGGGTACGGGCGGGCTGGAGTGCGGTAGGGGAGACTGGAATTCCCGGTGTAACGGTGGAATGTGTAGATATCGGGAAGAACACCAATGGCGAAGGCAGGTCTCTGGGCCGTCACTGACGCTGAGGAGCGAAAGCGTGGGGAGCGAACAGG
seq_82	TACGTAGGGGGCAAGCGTTATCCGGAATTACTGGGTGTAAAGGGTGCGTAGGTGGCATGGTAAGTCAGAAGTGAAAGCCCGGGGCTTAACCCCGGGACTGCTTTTGAAACTGTCATGCTGGAGTGCAGGAGAGGTAAGCGGAATTCCTAGTGTAGCGGTGAAATGCGTAGATATTAGGAGGAACACCAGTGGCGAAGGCGGCTTACTGGACTGTCACTGACACTGATGCACGAAAGCGTGGGGAGCAAACAGG
seq_83	CACGTAGGGGGCGAGCGTTGTCCGGAATTACTGGGTGTAAAGGGTGCGTAGGCGGCCTTGCAAGTCAGATGTGAAAGATCACGGCTTAACTGTGGTAAGCATTTGAAACTGTAAGGCTTGAGTGCAGGAGAGGAGAGTGGAATTCCTAGTGTAGCGGTGAAATGCGTAGATATTAGGAAGAATACCAGTGGCGAAGGCGGTTTGCTGGCTGCATACTGACGCTGAAGCGCGAAAGCCAGGGGAGCAAACGGG
seq_84	TACGTAGGTGGCAAGCGTTATCCGGAATCATTGGGCGTAAAGGGTGCGTAGGTGGCGTACTAAGTCTGTAGTAAAAGGCAATGGCTCAACCATTGTAAGCTATGGAAACTGGTATGCTGGAGTGCAGAAGAGGGCGATGGAATTCCATGTGTAGCGGTAAAATGCGTAGATATATGGAGGAACACCAGTGGCGAAGGCGGTCGCCTGGTCTGTAACTGACACTGAGGCACGAAAGCGTGGGGAGCAAATAGG
seq_85	TACGTAGGGGGCAAGCGTTATCCGGATTTACTGGGTGTAAAGGGAGCGTAGACGGCATGGCAAGTCTGAAGTGAAAGCCCGGGGCTCAACCCCGGGACTGCTTTGGAAACTGTCAGGCTAGAGTGCTGGAGAGGTAAGTGGAATTCCTAGTGTAGCGGTGAAATGCGTAGATATTAGGAGGAACACCAGTGGCGAAGGCGGCTTACTGGACAGTAACTGACGTTGAGGCTCGAAAGCGTGGGGAGCAAACAGG
seq_86	TACGTAAGGGGCAAGCGTTATCCGGATTTACTGGGTGTAAAGGGAGCGTAGACGGCAGTGCAAGTCTGATGTGAAAGCCCGGGGCTCAACCCCGGGACTGCATTGGAAACTGTGCAGCTAGAGTGTCGGAGAGGTAAGTGGAATTCCTAGTGTAGCGGTGAAATGCGTAGATATTAGGAGGAACACCAGTGGCGAAGGCGGCTTACTGGACGATGACTGACGTTGAGGCTCGAAAGCGTGGGGAGCAAACAGG
seq_87	TACGGAGGATCCGAGCGTTATCCGGATTTATTGGGTTTAAAGGGTGCGTAGGCGGCCTTTTAAGTCAGCGGTGAAAGTCTGTGGCTCAACCATAGAATTGCCGTTGAAACTGGGAGGCTTGAGTATGTTTGAGGCAGGCGGAATGCGTGGTGTAGCGGTGAAATGCTTAGATATCACGCAGAACCCCGATTGCGAAGGCAGCCTGCCAAGCCATGACTGACGCTGATGCACGAAAGCGTGGGGATCAAACAGG
seq_88	TACGGAGGATCCGAGCGTTATCCGGATTTATTGGGTTTAAAGGGAGCGTAGGTGGACAGTTAAGTCAGTTGTGAAAGTTTGCGGCTCAACCGTAAAATTGCAGTTGATACTGGCTGTCTTGAGTACAGTAGAGGTGGGCGGAATTCGTGGTGTAGCGGTGAAATGCGTAGATATCAGGAAGAATACCAGTGGCGAAGGCGGTTTGCTGGCTGCATACTGACGCTGAAGCGCGAAAGCCAGGGGAGCAAACGGG
seq_89	TACGTAGGTGGCAAGCGTTGTCCGGAATTATTGGGCGTAAAGCGCGCGCAGGCGGATCAGTCAGTCTGTCTTAAAAGTTCGGGGCTTAACCCCGTGATGGGATGGAAACTGCTGATCTAGAGTATCGGAGAGGAAAGTGGAATTCCTAGTGTAGCGGTGAAATGCGTAGATATTAGGAAGAACACCAGTGGCGAAGGCGACTTTCTGGACGAAAACTGACGCTGAGGCGCGAAAGCCAGGGGAGCGAACGGG
seq_90	TACGTAGGTGGCAAGCGTTGTCCGGAATTATTGGGCGTAAAGGGCGCGCAGGCGGCTTCTTAAGTCTGTCTTAAAAGTGCGGGGCTTAACCCCGTGATGGGATGGAAACTGGGAAGCTCAGAGTATCGGAGAGGAAAGCGGAATTCCTAGTGTAGCGGTGAAATGCGTAGATATTAGGAGGAACACCAGTGGCGAAAGCGGCTTTCTGGACGAAAACTGACGCTGAGGCGCGAAAGCCAGGGGAGCGAACGGG
seq_91	TACGGAGGATCCGAGCGTTATCCGGATTTATTGGGTTTAAAGGGTGCGTAGGCGGCCTTTTAAGTCAGCGGTGAAAGTCTGTGGCTCAACCATAGAATTGCCGTTGAAACTGGGAGGCTTGAGTATGTTTGAGGCAGGCGGAATGCGTGGTGTAGCGGTGAAATGCATAGATATCACGCAGAACCCCGATTGCGAAGGCAGCCTGCCAAGCCATTACTGACGCTGATGCACGAAAGCGTGGGGATCAAACAGG
seq_92	TACGTAGGTGGCAAGCGTTGTCCGGAATTATTGGGCGTAAAGCGCGCGCAGGCGGCTTCTTAAGTCCATCTTAAAAGCGTGGGGCTCAACCCCATGAGGGGATGGAAACTGGGAAGCTGGAGTATCGGAGAGGAAAGTGGAATTCCTAGTGTAGCGGTGAAATGCGTAGAGATTAGGAAGAACACCGGTGGCGAAGGCGACTTTCTAGACGAAAACTGACGCTGAGGCGCGAAAGCGTGGGGAGCAAACAGG
seq_93	TACGTAGGGAGCGAGCGTTGTCCGGAATTACTGGGCGTAAAGGGTTCGCAGGCGGAAATGCAAGTCAGGTGTAAAAGGCAGTAGCTTAACTACTGTAAGCATTTGAAACTGCATATCTTGAGAAGAGTAGAGGTAAGTGGAATTTTTAGTGTAGCGGTGAAATGCGTAGATATTAAAAAGAATACCGGTGGCGAAGGCGACTTACTGGGCTCATTCTGACGCTGAGGAACGAAAGCGTGGGTAGCAAACAGG
seq_94	TACGTAGGGGGCGAGCGTTATCCGGATTCATTGGGCGTAAAGCGCGCGTAGGCGGCCCGGCAGGCCGGGGGTCGAAGCGGGGGGCTCAACCCCCCGAAGCCCCCGGAACCTCCGCGGCTTGGGTCCGGTAGGGGAGGGTGGAACACCCGGTGTAGCGGTGGAATGCGCAGATATCGGGTGGAACACCGGTGGCGAAGGCGGCCCTCTGGGCCGAGACCGACGCTGAGGCGCGAAAGCTGGGGGAGCGAACAGG
seq_95	TACGTAGGGAGCGAGCGTTGTCCGGAATCACTGGGCGTAAAGGGTTCGCAGGCGGAAATGCAAGTCAGGTGTAAAAGGCAGTAGCTTAACTACTGTAAGCATTTGAAACTGCATATCTTGAGAAGAGTAGAGGTAAGTGGAATTTTTAGTGTAGCGGTGAAATGCGTAGATATTAAAAAGAATACCGGTGGCGAAGGCGACTTACTGGGCTCATTCTGACGCTGAGGAACGAAAGCGTGGGTAGCAAACAGG
seq_96	TACGTAGGGGGCGAGCGTTGTCCGGAATTACTGGGCGTAAAGGGTTCGCAGGCGGCATGGCAAGTCCGATGTAAAAGGCGAAGGCTCAACCTTCGTAAGCATCGGAAACTGTCAAGCTTGAGTGAAGGAGAGGCAAGTGGAATTCCTAGTGTAGCGGTGGAATGCGTAGATATTAGGAGGAATACCGGTGGCGAAGGCGACTTGCTGGACTTCAACTGACGCTGAGGAACGAAAGTGTGGGTAGCAAACAGG
seq_97	TACGTAGGGGGCTAGCGTTGTCCGGAATCACTGGGCGTAAAGGGTTCGCAGGCGGAAATGCAAGTCAGGTGTAAAAGGCAGTAGCTTAACTACTGTAAGCATTTGAAACTGCATATCTTGAGAAGAGTAGAGGTAAGTGGAATTTTTAGTGTAGCGGTGAAATGCGTAGATATTAAAAAGAATACCGGTGGCGAAGGCGGTTTGCTGGCTGCATACTGACGCTGAAGCGCGAAAGCCAGGGGAGCAAACGGG
seq_98	TACGTAGGGGGCAAGCGTTATCCGGATTTACTGGGTGTAAAGGGAGCGTAGACGGCATGGCAAGCCAGATGTGAAAACCCAGGGCTCAACCTTGGGATTGCATTTGGAACTGCCAGGCTGGAGTGCAGGAGAGGTAAGCGGAATTCCTAGTGTAGCGGTGAAATGCGTAGATATTAGGAGGAACACCAGTGGCGAAGGCGGCTTACTGGACTGTAACTGACGTTGAGGCTCGAAAGCGTGGGGAGCAAACAGG
seq_99	TACGGAGGGTGCAAGCGTTAATCGGAATCACTGGGCGTAAAGCGCACGTAGGCGGCCTGGTAAGTCAGGGGTGAAATCCCACAGCCCAACTGTGGAACTGCCTTTGATACTGCCAGGCTTGAGTACCGGAGAGGGTGGCGGAATTCCAGGTGTAGGAGTGAAATCCGTAGATATCTGGAGGAACACCGGTGGCGAAGGCGGCCACCTGGACGGTAACTGACGCTGAGGTGCGAAAGCGTGGGTAGCAAACAGG
seq_100	TACGGAGGGTGCAAGCGTTAATCGGAATTACTGGGCGTAAAGCGCACGCAGGCGGTTTGTTAAGTCAGATGTGAAATCCCCGGGCTCAACCTGGGAACTGCATCTGATACTGGCAAGCTTGAGTCTCGTAGAGGGGGGTAGAATTCCAGGTGTAGCGGTGAAATGCGTAGATATCAGGAAGAATACCAGTGGCGAAGGCGGTTTGCTGGCTGCATACTGACGCTGAAGCGCGAAAGCCAGGGGAGCAAACGGG
seq_101	TACGTAGGGGGCTAGCGTTGTCCGGAATCACTGGGCGTAAAGGGTTCGCAGGCGGCAATGCAAGTCAGATGTAAAAGGCAAAGGCTCAACCTTTGTAAGCATCTGAAACTGTATAGCTTGAGAAGTGTAGAGGCAAGTGGAATTTTTAGTGTAGCGGTGAAATGCGTAGATATCAGGAAGAATACCAGTGGCGAAGGCGGTTTGCTGGCTGCATACTGACGCTGAAGCGCGAAAGCCAGGGGAGCAAACGGG
seq_102	TACGTAGGTGGCAAGCGTTGTCCGGATTTATTGGGCGTAAAGCGAGCGCAGGCGGTTTCTTAAGTCTGATGTGAAAGCCCCCGGCTCAACCGGGGAGGGTCATTGGAAACTGGGAGACTTGAGTGCAGAAGAGGAGAGTGGAATTCCATGTGTAGCGGTGAAATGCGTAGATATCAGGAAGAATACCAGTGGCGAAGGCGGTTTGCTGGCTGCATACTGACGCTGAAGCGCGAAAGCCAGGGGAGCAAACGGG
seq_103	TACGTAGGGGGCAAGCGTTATCCGGATTTACTGGGTGTAAAGGGAGCGTAGACGGCGAAGCAAGTCTGAAGTGAAAACCCAGGGCTCAACCCTGGGACTGCTTTGGAAACTGTTTTGCTAGAGTGTCGGAGAGGTAAGTGGAATTCCTAGTGTAGCGGTGAAATGCGTAGATATCAGGAAGAATACCAGTGGCGAAGGCGGTTTGCTGGCTGCATACTGACGCTGAAGCGCGAAAGCCAGGGGAGCAAACGGG
seq_104	TACGTAGGGAGCGAGCGTTGTCCGGAATTACTGGGCGTAAAGCGCACGCAGGCGGTTTGTTAAGTCAGATGTGAAATCCCCGGGCTCAACCTGGGAACTGCATCTGATACTGGCAAGCTTGAGTCTCGTAGAGGGGGGTAGAATTCCAGGTGTAGCGGTGAAATGCGTAGAGATCTGGAGGAATACCGGTGGCGAAGGCGGCCCCCTGGACGAAGACTGACGCTCAGGTGCGAAAGCGTGGGGAGCAAACAGG
seq_105	TACGTAGGTGGCAAGCGTTGTCCGGAATTATTGGGCGTAAAGCGCGCGCAGGCGGATAGGTCAGTCTGTCTTAAAAGTTCGGGGCTTAACCCCGTGATGGGATGGAAACTGCCAATCTAGAGTATCGGAGAGGAAAGTGGAATTCCTAGTGTAGCGGTGAAATGCGTAGATATCAGGAAGAATACCAGTGGCGAAGGCGGTTTGCTGGCTGCATACTGACGCTGAAGCGCGAAAGCCAGGGGAGCAAACGGG
seq_106	TACGTAGGGGGCAAGCGTTATCCGGAATTATTGGGCGTAAAGAGTACGTAGGTGGTTTTCTAAGCACGGGGTTTAAGGCAATGGCTTAACCATTGTTCGCCTTGTGAACTGGAAGACTTGAGTGCAGGAGAGGAAAGCGGAATTCCTAGTGTAGCGGTGAAATGCGTAGATATTAGGAGGAACACCAGTGGCGAAGGCGGCTTTCTGGACTGTAACTGACACTGAGGTACGAAAGCGTGGGGAGCAAACAGG
seq_107	TACGTAGGGGGCAAGCGTTATCCGGATTTACTGGGTGTAAAGGGAGCGTAGACGGTAAAGCAAGTCTGAAGTGAAAGCCCGCGGCTCAACTGCGGGACTGCTTTGGAAACTGTTTAACTGGAGTGTCGGAGAGGTAAGTGGAATTCCTAGTGTAGCGGTGAAATGCGTAGATATCAGGAAGAATACCAGTGGCGAAGGCGGTTTGCTGGCTGCATACTGACGCTGAAGCGCGAAAGCCAGGGGAGCAAACGGG
seq_108	TACGTAGGTGGCAAGCGTTATCCGGATTTACTGGGTGTAAAGGGCGTGTAGGCGGGATTGCAAGTCAGATGTGAAAACTGGGGGCTCAACCTCCAGCCTGCATTTGAAACTGTAGTTCTTGAGTGCTGGAGAGGCAATCGGAATTCCGTGTGTAGCGGTGAAATGCGTAGATATCAGGAAGAATACCAGTGGCGAAGGCGGTTTGCTGGCTGCATACTGACGCTGAAGCGCGAAAGCCAGGGGAGCAAACGGG
seq_109	AACGTAGGGTGCAAGCGTTGTCCGGAATTACTGGGTGTAAAGGGAGCGCAGGCGGATTGGCAAGTTGGGAGTGAAATCTATGGGCTCAACCCATAAATTGCTTTCAAAACTGTCAGTCTTGAGTGGTGTAGAGGTAGGCGGAATTCCCGGTGTAGCGGTGGAATGCGTAGATATCGGGAGGAACACCAGTGGCGAAGGCGGCCTACTGGGCACTAACTGACGCTGAGGCTCGAAAGCATGGGTAGCAAACAGG
seq_110	TACGTAGGGTGCAAGCGTTATCCGGAATTATTGGGCGTAAAGGGCTCGTAGGCGGTTCGTCGCGTCCGGTGTGAAAGCCCATCGCTTAACGGTGGGTCTGCGCCGGGTACGGGCGGGCTGGAGTGCGGTAGGGGAGACTGGAATTCCCGGTGTAACGGTGGAATGTGTAGATATCGGGAAGAACACCAATGGCGAAGGCAGGTCTCTGGGCCGTTACTGACGCTGAGGAGCGAAAGCGTGGGGAGCGAACAGG
seq_111	TACGTAAGGGGCAAGCGTTATCCGGATTTACTGGGTGTAAAGGGAGCGTAGACGGCAGTGCAAGTCTGATGTGAAAGCCCGGGGCTCAACCCCGGGACTGCATTGGAAACTGTGCAGCTAGAGTGTCGGAGAGGTAAGTGGAATTCCTAGTGTAGCGGTGAAATGCGTAGATATTAGGAGGAACACCAGTGGCGAAGGCGGCTTACTGGACGATAACTGACGTTGAGGCTCGAAAGCGTGGGGAGCAAACAGG
seq_112	TACGTAGGGGGCGAGCGTTGTCCGGATTTATTGGGCGTAAAGGGTTCGCAGGCGGCCAAATAAGTCAGATGTGAAAGCCCACGGCTTAACCGTGGTAAGCATTTGAAACTGTATGGCTTGAGTTAAGGAGAGGAAAGTGGAATTCCTAGTGTAGCGGTGAAATGCGTAGATATTAGGAAGAATACCAGTGGCGAAGGCGGTTTGCTGGCTGCATACTGACGCTGAAGCGCGAAAGCCAGGGGAGCAAACGGG
seq_113	TACGTAGGGGGCAAGCGTTATCCGGATTTACTGGGTGTAAAGGGAGCGTAGACGGCGATGCAAGCCAGATGTGAAAGCCCGGGGCTCAACCCCGGGACTGCATTTGGAACTGCGTGGCTGGAGTGTCGGAGAGGCAGGCGGAATTCCTAGTGTAGCGGTGAAATGCGTAGATATCAGGAAGAATACCAGTGGCGAAGGCGGTTTGCTGGCTGCATACTGACGCTGAAGCGCGAAAGCCAGGGGAGCAAACGGG
seq_114	TACGTATGGTGCAAGCGTTATCCGGATTTACTGGGTGTAAAGGGAGCGTAGACGGAGCAGCAAGTCTGATGTGAAAACCCGGGGCTCAACCCCGGGAGTGCATTGGAAACTGTTGATCTAGAGTGCTGGAGAGGTAAGTGGAATTCCTAGTGTAGCGGTGAAATGCGTAGATATTAGGAGGAACACCAGTGGCGAAGGCGGCTTACTGGACAGTGACTGACGTTGAGGCTCGAAAGCGTGGGGAGCAAACAGG
seq_115	TACGGAGGATCCGAGCGTTATCCGGATTTATTGGGTTTAAAGGGAGCGTAGGCGGACGCTTAAGTCAGTTGTGAAAGTTTGCGGCTCAACCGTAAAATTGCAGTTGATACTGGGTGTCTTGAGTACAGTAGAGGCAGGCGGAATTCGTGGTGTAGCGGTGAAATGCGTAGATATCAGGAAGAATACCAGTGGCGAAGGCGGTTTGCTGGCTGCATACTGACGCTGAAGCGCGAAAGCCAGGGGAGCAAACGGG
seq_116	TACGTAGGGGGCTAGCGTTATCCGGAATTACTGGGCGTAAAGGGTGCGTAGGCGGTCTTTCAAGCCAGAAGTGAAAGGCTACGGCTCAACCGTAGTAAGCTTTTGGAACTGTAAGACTTGAGTGCAGGAGAGGAGAGTGGAATTCCTAGTGTAGCGGTGAAATGCGTAGATATTAGGAGGAACACCAGTAGCGAAGGCGGCTCTCTGGACTGTAACTGACGCTGAGGCACGAAAGCGTGGGGAGCAAACAGG
seq_117	TACGTAGGGGGCGAGCGTTATCCGGATTCATTGGGCGTAAAGCGCGCGTAGGCGGCCCGTCAAGCGGAACCTCTAACCCGAGGGCTCAACCCCCGGTCGGGTTCCGAACTGGCAGGCTCGAGTTTGGTAGAGGAAGATGGAATTCCCGGTGTAGCGGTGGAATGCGCAGATATCGGGAAGAACACCGATGGCGAAGGCAGTCTTCTGGGCCATCAACTGACGCTGAGGCGCGAAAGCTGGGGGAGCGAACAGG
seq_118	TACGTAGGTGGCAAGCGTTGTCCGGAATTACTGGGTGTAAAGGGAGCGTAGGCGGGAATGCAAGTTGAATGTTTAAACTATCGGCTCAACTGATAATCGCGTTCAAAACTGCATTTCTTGAGTGGAGTAGAGGCAGGCGGAATTCCTAGTGTAGCGGTGAAATGCGTAGATATTAGGAGGAACACCAGTGGCGAAGGCGGCCTGCTGGGCTCTAACTGACGCTGAGGCTCGAAAGCGTGGGTAGCAAACAGG
seq_119	TACGTAGGGTGCAAGCGTTATCCGGAATTATTGGGCGTAAAGGGCTCGTAGGCGGTTCGTCGCGTCCGGTGTGAAAGTCCATCGCTTAACGGTGGATCTGCGCCGGGTACGGGCGGGCTGGAGTGCGGTAGGGGAGACTGGAATTCCCGGTGTAACGGTGGAATGTGTAGATATCGGGAAGAACACCAATGGCGAAGGCAGGTCTCTGGGCCGTCACTGACGCTGAGGAGCGAAAGCGTGGGGAGCGAACAGG
seq_120	TACGTAGGGAGCGAGCGTTGTCCGGAATTACTGGGTGTAAAGGGTGCGTAGGCGGCCTTGCAAGTCAGATGTGAAAGATCACGGCTTAACTGTGGTAAGCATTTGAAACTGTAAGGCTTGAGTGCAGGAGAGGAGAGTGGAATTCCTAGTGTAGCGGTGAAATGCGTAGATATTAGGAAGAATATCAGTGGCGAAGGCGGCTCTCTGGACTGCAACTGACGCTGAGGCACGAAAGCGTGGGGAGCAAACAGG
seq_121	TACGGAGGGTGCAAGCGTTAATCGGAATTACTGGGCGTAAAGCGCACGCAGGCGGTTTGTTAAGTCAGATGTGAAATCCCCGGGCTCAACCTGGGAACTGCATCTGATACTGGCAAGCTTGAGTCTCGTAGAGGGGGGTAGAATTCCAGGTGTAGCGGTGAAATGCGTAGAGATCTGGAGGAATACCGGTGGCGAAGGCGGTTTGCTGGCTGCATACTGACGCTGAAGCGCGAAAGCCAGGGGAGCAAACGGG
seq_122	TACGGAGGATCCGAGCGTTATCCGGATTTATTGGGTTTAAAGGGTGCGTAGGCGGCCTTTTAAGTCAGCGGTGAAAGTCTGTGGCTCAACCATAGAATTGCCGTTGAAACTGGGGGGCTTGAGTATGTTTGAGGCAGGCGGAATGCGTGGTGTAGCGGTGAAATGCTTAGATATCACGCAGAACCCCGATTGCGAAGGCAGCCTGCCAAGCCATGACTGACGCTGATGCACGAAAGCGTGGGGATCAAACAGG
seq_123	TACGTAGGGAGCGAGCGTTGTCCGGAATTACTGGGCGTAAAGGACGCGTAGGCGGATTATCAAGTCTTTTGTGAAATCTAGTGGCTTAACCACTAAACTGCTTAGGAAACTGATAGTCTAGAGTAGGGGAGAGGTAGATGGAATTCTTGGTGTAGGGGTAAAATCCGTAGAGATCAAGAAGAATACCCATTGCGAAAGCGATTTGCTGGAACCTAACTGACGCTGAGGCGTGAAAGCGTGGGTAGCAAACAGG
seq_124	TACGTAGGTGGCGAGCGTTATCCGGATTTACTGGGCGTAAAGGGAGCGTAGGCGGATGATTAAGTGGGATGTGAAATACCCGGGCTCAACTTGGGTGCTGCATTCCAAACTGGTTATCTAGAGTGCAGGAGAGGAGAGTGGAATTCCTAGTGTAGCGGTGAAATGCGTAGATATCAGGAAGAATACCAGTGGCGAAGGCGGTTTGCTGGCTGCATACTGACGCTGAAGCGCGAAAGCCAGGGGAGCAAACGGG
seq_125	TACGTATGGTGCAAGCGTTATCCGGATTTACTGGGTGTAAAGGGAGCGTAGACGGCTGTGTAAGTCTGAAGTGAAAGCCCGGGGCTCAACTCCGGGACTGCTTTGGAAACTATGCAGCTAGAGTGTCGGAGAGGTAAGTGGAATTCCCAGTGTAGCGGTGAAATGCGTAGATATTGGGAGGAACACCAGTGGCGAAGGCGGCTTACTGGACGATGACTGACGTTGAGGCTCGAAAGCGTGGGGAGCAAACAGG
seq_126	TACGTAGGTGGCAAGCGTTGTCCGGATTTACTGGGCGTAAAGGGTGCGTAGGCGGATGCTTAAGTGAGATGTGAAATACCTAGGCTTAACTTAGGGGCTGCATTTCAAACTGGGCATCTAGAGTACAGGAGAGGGAAACGGAATTCCTAGTGTAGCGGTGAAATGCGTAGATATCAGGAAGAATACCAGTGGCGAAGGCGGTTTGCTGGCTGCATACTGACGCTGAAGCGCGAAAGCCAGGGGAGCAAACGGG
seq_127	TACGGAGGATCCGAGCGTTATCCGGATTTATTGGGTTTAAAGGGTGCGTAGGCGGCCCCTTAAGTCAGCGGTGAAAGTCTGTGGCTCAACCATAGAATTGCCGTTGAAACTGGGAGGCTTGAGTATGTTTGAGGCAGGTGGAATGCGTGGTGTAGCGGTGAAATGCATAGATATCACGCAGAACCCCGATTGCGAAGGCAGCCTGCCAAGCCATTACTGACGCTGATGCACGAAAGCGTGGGGATCAAACAGG
seq_128	TACGGAGGATCCGAGCGTTATCCGGATTTATTGGGTTTAAAGGGTGCGTAGGCGGCCTTTTAAGTCAGCGGTGAAAGTCTGTGGCTCAACCATAGAATTGCCGTTGAAACTGGGGGGCTTGAGTATGTTTGAGGCAGGCGGAATGCGTGGTGTAGCGGTGAAATGCATAGATATCACGCAGAACCCCGATTGCGAAGGCAGCCTGCCAAGCCATTACTGACGCTGATGCACGAAAGCGTGGGGATCAAACAGG
seq_129	TACGTAGGGAGCGAGCGTTGTCCGGAATTACTGGGCGTAAAGGGAGCGTAGGCGGATGATTAAGTGGGATGTGAAATACCCGGGCTCAACTTGGGTGCTGCATTCCAAACTGGTTATCTAGAGTGCAGGAGAGGAGAGTGGAATTCCTAGTGTAGCGGTGAAATGCGTAGAGATTAGGAAGAACACCAGTGGCGAAGGCGACTCTCTGGACTGTAACTGACGCTGAGGCTCGAAAGCGTGGGGAGCAAACAGG
seq_130	TACGTAGGGGGCGAGCGTTATCCGGATTCATTGGGCGTAAAGCGCGCGCAGGCGGCCCGCCAAGCGGCCTCGTCGAAGCCGGGGGCTCAACCCCCGGAAGCGACCCGAACTGGCGGGCTCGAGTGGGGCAGGGGAGGATGGAATTCCCGGTGTAGCGGTGAAATGCGCAGATATCGGGAGGAACACCGACGGCGAAGGCAGCCCTCTGGGCCTTCACTGACGCTGAGGCGCGAAAGCTGGGGGAGCGAACAGG
seq_131	TACGGAGGATCCGAGCGTTATCCGGATTTATTGGGTTTAAAGGGAGCGTAGGCGGGTGCTTAAGTCAGTTGTGAAAGTTTGCGGCTCAACCGTAAAATTGCAGTTGATACTGGGCGCCTTGAGTGCAGCATAGGTAGGCGGAATTCGTGGTGTAGCGGTGAAATGCTTAGATATCACGAAGAACTCCGATTGCGAAGGCAGCTTACTGGACTGTAACTGACGCTGATGCTCGAAAGTGTGGGTATCAAACAGG
seq_132	TACGGAGGATCCGAGCGTTATCCGGATTTATTGGGTTTAAAGGGAGCGTAGGTGGACAGTTAAGTCAGTTGTGAAAGTTTGCGGCTCAACCGTAAAATTGCAGTTGATACTGGCGACCTTGAGTGCAACAGAGGTAGGCGGAATTCGTGGTGTAGCGGTGAAATGCTTAGATATCACGAAGAACTCCGATTGCGAAGGCAGCTCACTGGACTGCAACTGACACTGATGCTCGAAAGTGTGGGTATCAAACAGG
seq_133	TACGTAGGGAGCGAGCGTTGTCCGGAATTACTGGGCGTAAAGGGTTCGCAGGCGGCAATGCAAGTCAGATGTAAAAGGCAAAGGCTCAACCTTTGTAAGCATCTGAAACTGTATAGCTTGAGAAGTGTAGAGGCAAGTGGAATTTTTAGTGTAGCGGTGAAATGCGTAGATATTAAAAAGAATACCGGTGGCGAAGGCGACTTGCTGGGCACAATCTGACGCTGAGGAACGAAAGCGTGGGGAGCAAACAGG
seq_134	TACGTAGGGGGCGAGCGTTATCCGGATTCATTGGGCGTAAAGCGCGCGTAGGCGGCGCGCCAAGCGGAACCTCTAACCTCGGGGCTCAACCTCGAGCCGGGTTCCGAACTGGCGCGCTCGAGTTCGGTAGAGGCAGGCGGAATTCCCGGTGTAGCGGTGGAATGCGCAGATATCGGGAAGAACACCGATGGCGAAGGCAGCCTGCTGGGCCGACACTGACGCTGAGGTGCGAAAGCTAGGGGAGCGAACAGG
seq_135	TACGTAGGGGGCTAGCGTTATCCGGAATTACTGGGCGTAAAGGGTGCGTAGGTGGTTTTTTAAGTCAGAAGTGAAAGGCTACGGCTCAACCGTAGTAAGCTTTTGAAACTAGAGAACTTGAGTGCAGGAGAGGAGAGTAGAATTCCTAGTGTAGCGGTGAAATGCGTAGATATTAGGAGGAATACCAGTAGCGAAGGCGGCTCTCTGGACTGTAACTGACACTGAGGCACGAAAGCGTGGGGAGCAAACAGG
seq_136	TACGTAGGTGGCGAGCGTTATCCGGAATTATTGGGCGTAAAGGGTGCGCAGGCGGTTTTTTAAGTTTAAGGTGAAAGCGTGGGGCTTAACCCCATATAGCCTTAGAAACTGAGAGACTAGAGTACAGGAGAGGGCAATGGAATTCCATGTGTAGCGGTAAAATGCGTAGATATATGGAGGAACACCAGTGGCGAAGGCGGTTGCCTGGACTGTAACTGACGCTCATGCACGAAAGCGTGGGGAGCAAATAGG
seq_137	TACGGAGGATCCGAGCGTTATCCGGATTTATTGGGTTTAAAGGGAGCGTAGGTGGACAGTTAAGTCAGTTGTGAAAGTTTGCGGCTCAACCGTAAAATTGCAGTTGATACTGGCTGTCTTGAGTACAGTAGAGGTGGGCGGAATTCGTGGTGTAGCGGTGAAATGCTTAGATATCACGAAGAACTCCGATTGCGAAGGCAGCTCACTGGACTGCAACTGACACTGATGCTCGAAAGTGTGGGTATCAAACAGA
seq_138	TACGTAGGGGGCGAGCGTTGTCCGGATTTATTGGGCGTAAAGGGTTCGCAGGCGGCCAAATAAGTCAGATGTGAAAGCCCACGGCTTAACCGTGGTAAGCATTTGAAACTGTATGGCTTGAGTTAAGGAGAGGAAAGTGGAATTCCTAGTGTAGCGGTGAAATGCGTAGATATCAGGAAGAATACCAGTGGCGAAGGCGGTTTGCTGGCTGCATACTGACGCTGAAGCGCGAAAGCCAGGGGAGCAAACGGG
seq_139	TACGTAGGGAGCGAGCGTTATCCGGAATCATTGGGCGTAAAGAGCGCGTAGGCGGCCTCTCAAGCGGGATCTCTAATCCGAGGGCTCAACCCCCGGCCGGATCCCGAACTGGGAGGCTCGAGTTCGGTAGAGGCAGGCGGAATTCCCGGTGTAGCGGTGGAATGCGCAGATATCGGGAAGAACACCGATGGCGAAGGCAGCCTGCTGGGCCGCAACTGACGCTGAGGCGCGAAAGCTAGGGGAGCGAACAGG
seq_140	TACGGAGGATCCGAGCGTTATCCGGATTTATTGGGTTTAAAGGGAGCGTAGGTGGACAGTTAAGTCAGTTGTGAAAGTTTGCGGCTCAACCGTAAAATTGCAGTTGATACTGGCTGTCTTGAGTACAGTAGAGGTGGGCGGAATTCGTGGTGTAGCGGTGAAATGCTTAGATATCACGAAGAACTCCGATTGCGAAGGCAGCTCACTGGACTGCAACTGACACTGATGCTCGAAAGTGTGGGTATCAAACAAG
seq_141	TACGTAGGTGGCAAGCGTTGTCCGGATTTATTGGGCGTAAAGCGAGCGCAGGCGGTTTCTTAAGTCTGATGTGAAAGCCCCCGGCTCAACCGGGGAGGGTCATTGGAAACTGGGAGACTTGAGTGCAGAAGAGGAGAGTGGAATTCCATGTGTAGCGGTGAAATGCGTAGATATATGGAGGAACACCAGTGGCGAAGGCGGCTCTCTGGTCTGTAACTGACGCTGAGGCTCGAAAGCGTGGGGAGCAAACAGA
seq_142	TACGGAGGATCCGAGCGTTATCCGGATTTATTGGGTTTAAAGGGAGCGTAGGTGGACAGTTAAGTCAGTTGTGAAAGTTTGCGGCTCAACCGTAAAATTGCAGTTGATACTGGCTGTCTTGAGTACAGTAGAGGTGGGCGGAATTCGTGGTGTAGCGGTGAAATGCTTAGATATCAGGAAGAATACCAGTGGCGAAGGCGGTTTGCTGGCTGCATACTGACGCTGAAGCGCGAAAGCCAGGGGAGCAAACGGG
seq_143	TACGTAGGTGGCGAGCGTTATCCGGAATTATTGGGCGTAAAGAGGGAGCAGGCGGCACTAAGGGTCTGTGGTGAAAGATCGAAGCTTAACTTCGGTAAGCCATGGAAACCGTAGAGCTAGAGTGTGTGAGAGGATCGTGGAATTCCATGTGTAGCGGTGAAATGCGTAGATATCAGGAAGAATACCAGTGGCGAAGGCGGTTTGCTGGCTGCATACTGACGCTGAAGCGCGAAAGCCAGGGGAGCAAACGGG
seq_144	TACGTAGATGGCGAGCGTTGTCCGGAATTACTGGGTGTAAAGGGAGTGTAGGCGGGATCATAAGTTGCGTGTGAAATGCAGGGGCTCAACCCCTGAACTGCGCGCAAAACTGTGGTTCTTGAGTGAAGTAGAGGCAGGCGGAATTCCCGGTGTAGCGGTGGAATGCGTAGATATCGGGAGGAACACCAGTGGCGAAGGCGGCTTGCTGGGCTTTTACTGACGCTGAGGCTCGAAAGCATGGGGAGCAAACAGG
seq_145	TACGGAGGATCCGAGCGTTATCCGGATTTATTGGGTTTAAAGGGAGCGTAGGTGGACTGGTAAGTCAGTTGTGAAAGTTTGCGGCTCAACCGTAAAATTGCAGTTGATACTGTCAGTCTTGAGTACAGTAGAGGTGGGCGGAATTCGTGGTGTAGCGGTGAAATGCTTAGATATCACGAAGAACTCCGATTGCGAAGGCAGCTCACTAGACTGTCACTGACGCTGATGCTCGAAAGTGTGGGTATCAAACAGG
seq_146	TACGTAGGTGGCAAGCGTTATCCGGAATTATTGGGCGTAAAGCGCGCGTAGGCGGTTTTTTAAGTCTGATGTGAAAGCCCACGGCTCAACCGTGGAGGGTCATTGGAAACTGGAAAACTTGAGTGCAGAAGAGGAAAGTGGAATTCCATGTGTAGCGGTGAAATGCGCAGAGATATGGAGGAACACCAGTGGCGAAGGCGACTTTCTGGTCTGTAACTGACGCTGATGTGCGAAAGCGTGGGGATCAAACAGG
seq_147	TACGTAGGGAGCAAGCGTTGTCCGGAATTACTGGGCGTAAAGGGTGCGTAGGTGGCCATGTAAGTCAGGTGTGAAAGACCGGGGCTCAACCCCGGGGTTGCACTTGAAACTGTGTGGCTTGAGTACAGGAGAGGGAAGTGGAATTCCTAGTGTAGCGGTGAAATGCGTAGATATTAGGAGGAACACCAGTGGCGAAGGCGACTTTCTGGACTGTAACTGACACTGAGGCACGAAAGCGTGGGGAGCAAACAGG
seq_148	TACGGAGGATCCGAGCGTTATCCGGATTTATTGGGTTTAAAGGGAGCGTAGGCGGACGCTTAAGTCAGTTGTGAAAGTTTGCGGCTCAACCGTAAAATTGCAGTTGATACTGGGTGTCTTGAGTACAGTAGAGGCAGGCGGAATTCGTGGTGTAGCGGTGAAATGCTTAGATATCACGAAGAACTCCGATTGCGAAGGCAGCTTGCTGGACTGTAACTGACGCTGATGCTCGAAAGTGTGGGTATCAAACAGC
seq_149	TACGTAGGTGGCGAGCGTTATCCGGATTTACTGGGCGTAAAGGGAGCGTAGGCGGATGATTAAGTGGGATGTGAAATACCCGGGCTCAACTTGGGTGCTGCATTCCAAACTGGTTATCTAGAGTGCAGGAGAGGAGAGTGGAATTCCTAGTGTAGCGGTGAAATGCGTAGAGATTAGGAAGAATACCAGTGGCGAAGGCGGTTTGCTGGCTGCATACTGACGCTGAAGCGCGAAAGCCAGGGGAGCAAACGGG
seq_150	CACGTAGGTGGCAAGCGTTATCCGGAATTATTGGGCGTAAAGCGCGCGTAGGCGGTTTTTTAAGTCTGATGTGAAAGCCCACGGCTCAACCGTGGAGGGTCATTGGAAACTGGAAAACTTGAGTGCAGAAGAGGAAAGTGGAATTCCATGTGTAGCGGTGAAATGCGCAGAGATATGGAGGAACACCAGTGGCGAAGGCGACTTTCTGGTCTGTAACTGACGCTGATGTGCGAAAGCGTGGGGATCAAACAGG
seq_151	TACGTAGGTGGCAAGCGTTGTCCGGAATTATTGGGCGTAAAGCGCGCGCAGGCGGATAGGTCAGTCTGTCTTAAAAGTTCGGGGCTTAACCCCGTGATGGGATGGAAACTGCCAATCTAGAGTATCGGAGAGGAAAGTGGAATTCCTAGTGTAGCGGTGAAATGCGTAGATATTAGGAAGAATACCAGTGGCGAAGGCGGTTTGCTGGCTGCATACTGACGCTGAAGCGCGAAAGCCAGGGGAGCAAACGGG
seq_152	CACGTAGGGGGCGAGCGTTGTCCGGAATTACTGGGTGTAAAGGGTGCGTAGGCGGCCTTGCAAGTCAGATGTGAAAGATCACGGCTTAACTGTGGTAAGCATTTGAAACTGTAAGGCTTGAGTGCAGGAGAGGAGAGTGGAATTCCTAGTGTAGCGGTGAAATGCGTAGATATTAGGAAGAACACCAGTGGCGAAGGCGACTTTCTGGACGAAGACTGACGCTGAGGCGCGAAAGCCAGGGGAGCGAACGGG
seq_153	TACGTAGGGGGCAAGCGTTATCCGGATTTACTGGGTGTAAAGGGAGCGTAGACGGCATGGCAAGTCTGAAGTGAAAGCCCGGGGCTCAACCCCGGGACTGCTTTGGAAACTGTCAGGCTAGAGTGTCGGAGAGGCAAGTGGAATTCCTAGTGTAGCGGTGAAATGCGTAGATATTAGGAGGAACACCAGTGGCGAAGGCGGCTTGCTGGACGATGACTGACGTTGAGGCTCGAAAGCGTGGGGAGCAAACAGG
seq_154	TACGTAGGGGGCTAGCGTTATCCGGATTTACTGGGCGTAAAGGGTGCGTAGGTGGTTTCTTAAGTCAGGAGTGAAAGGCTACGGCTCAACCGTAGTAAGCTCTTGAAACTGGGAAACTTGAGTGCAGGAGAGGAAAGTGGAATTCCTAGTGTAGCGGTGAAATGCGTAGATATTAGGAGGAACACCAGTAGCGAAGGCGGCTTTCTGGACTGTAACTGACACTGAGGCACGAAAGCGTGGGGAGCGAACAGG
seq_155	TACGTAGGGGGCTAGCGTTGTCCGGAATCACTGGGCGTAAAGGGTTCGCAGGCGGCAATGCAAGTCAGATGTAAAAGGCAAAGGCTCAACCTTTGTAAGCATCTGAAACTGTATAGCTTGAGAAGTGTAGAGGCAAGTGGAATTTTTAGTGTAGCGGTGAAATGCGTAGATATTAAAAAGAATACCAGTGGCGAAGGCGGTTTGCTGGCTGCATACTGACGCTGAAGCGCGAAAGCCAGGGGAGCAAACGGG
seq_156	TACGGAGGGTGCAAGCGTTAATCGGAATCACTGGGCGTAAAGCGCACGTAGGCGGCTTGGTAAGTCAGGGGTGAAATCCCACAGCCCAACTGTGGAACTGCCTTTGATACTGCCAGGCTTGAGTACCGGAGAGGGTGGCGGAATTCCAGGTGTAGGAGTGAAATCCGTAGATATCTGGAGGAACACCGGTGGCGAAGGCGGCCACCTGGACGGTAACTGACGCTGAGGTGCGAAAGCGTGGGTAGCAAACAGG
seq_157	TACGTAGGGGGCAAGCGTTATCCGGATTTACTGGGTGTAAAGGGAGCGTAGACGGCGATGCAAGCCAGATGTGAAAGCCCGGGGCTCAACCCCGGGACTGCATTTGGAACTGCGTGGCTGGAGTGTCGGAGAGGCAGGCGGAATTCCTAGTGTAGCGGTGAAATGCGTAGATATTAGGAAGAACACCAGTGGCGAAGGCGACTTTCTGGACGAAGACTGACGCTGAGGCGCGAAAGCCAGGGGAGCGAACGGG
seq_158	TACGTAAGGTCCGAGCGTTGTCCGGAATCATTGGGCGTAAAGGGTACGTAGGCGGATAAGCAAGTTAGAAGTTAAATCCTATAGCTCAACTATAGCAAGCTTTTAAAACTGCTCATCTTGAGGTATGGAAGGGAAAGTGGAATTCCTAGTGTAGCGGTGAAATGCGCAGATATTAGGAGGAATACCGGTGGCGAAGGCGACTTTCTGGCCATAAACTGACGCTGAGGTACGAAAGCGTGGGTAGCAAACAGG
seq_159	TACGTAGGGAGCGAGCGTTATCCGGATTCATTGGGCGTAAAGAGCGCGTAGGCGGCCTCTCAAGCGGGATCTCTAATCCGAGGGCTCAACCCCCGGCCGGATCCCGAACTGGGAGGCTCGAGTTCGGTAGAGGCAGGCGGAATTCCCGGTGTAGCGGTGGAATGCGCAGATATCGGGAAGAACACCGATGGCGAAGGCAGCCTGCTGGGCCGCAACTGACGCTGAGGCGCGAAAGCTAGGGGAGCGAACAGG
seq_160	TACGTAGGTGGCGAGCGTTATCCGGAATTATTGGGCGTAAAGGGTGCGCAGGCGGTTTTTTAAGTTTAAGGTGAAAGCGTGGGGCTTAACCCCATATAGCCTTAGAAACTGAGAGACTAGAGTACAGGAGAGGGCGATGGAATTCCATGTGTAGCGGTAAAATGCGTAGATATATGGAGGAACACCAGTGGCGAAGGCGGTTGCCTGGCCTGTAACTGACGCTCATGCACGAAAGCGTGGGGAGCAAATAGG
seq_161	TACGTAGGGAGCGAGCGTTGTCCGGAATTACTGGGCGTAAAGGGCGCGTAGGCGGATTATCAAGTCTTTTGTGAAATCTAGTGGCTTAACCACTAAACTGCTTAGGAAACTGATAGTCTAGAGTAGGGGAGAGGTAGATGGAATTCTTGGTGTAGGGGTAAAATCCGTAGAGATCAAGAAGAATACCCATTGCGAAAGCGATTTGCTGGAACCTAACTGACGCTGAGGCGTGAAAGCGTGGGTAGCAAACAGG
seq_162	TACGGAGGATCCGAGCGTTATCCGGATTTATTGGGTTTAAAGGGAGCGTAGGCGGACGCTTAAGTCAGTTGTGAAAGTTTGCGGCTCAACCGTAAAATTGCAGTTGATACTGGGTGTCTTGAGTACAGTAGAGGCAGGCGGAATTCGTGGTGTAGCGGTGAAATGCTTAGATATCAGGAAGAATACCAGTGGCGAAGGCGGTTTGCTGGCTGCATACTGACGCTGAAGCGCGAAAGCCAGGGGAGCAAACGGG
seq_163	TACGTATGGTGCAAGCGTTATCCGGATTTACTGGGTGTAAAGGGAGCGTAGACGGATAGGCAAGTCTGGAGTGAAAACCCAGGGCTCAACTCTGGGACTGCTTTGGAAACTGCAGATCTGGAGTGCCGGAGAGGTAAGCGGAATTCCTAGTGTAGCGGTGAAATGCGTAGATATTAGGAGGAACACCAGTGGCGAAGGCGGCTTACTGGACGGTGACTGACGTTGAGGCTCGAAAGCGTGGGGAGCAAACAGG
seq_164	TACGTAGGGTGCAAGCGTTATCCGGAATTATTGGGCGTAAAGGGCTCGTAGGCGGTTCGTCGCGTCCGGTGTGAAAGTCCATCGCTTAACGGTGGATCCGCGCCGGGTACGGGCGGGCTTGAGTGCGGTAGGGGAGACTGGAATTCCCGGTGTAACGGTGGAATGTGTAGATATCGGGAAGAACACCAATGGCGAAGGCAGGTCTCTGGGCCGTTACTGACGCTGAGGAGCGAAAGCGTGGGGAGCGAACAGG
seq_165	TACGTAGGGAGCGAGCGTTGTCCGGAATCACTGGGCGTAAAGGACGCGTAGGCGGATTATCAAGTCTTTTGTGAAATCTAGTGGCTTAACCACTAAACTGCTTAGGAAACTGATAGTCTAGAGTAGGGGAGAGGTAGATGGAATTCTTGGTGTAGGGGTAAAATCCGTAGAGATCAAGAAGAATACCCATTGCGAAAGCGATTTGCTGGAACCTAACTGACGCTGAGGCGTGAAAGCGTGGGTAGCAAACAGG
seq_166	TACGTAGGGGGCAAGCGTTATCCGGATTTACTGGGTGTAAAGGGAGCGTAGACGGCATAGTAAGTCTGATGTGAAAGGCGGGGGCTCAACCCCTGGACTGCATTGGAAACTATTAAGCTGGAGTGTCGGAGAGGTAAGTGGAATTCCTAGTGTAGCGGTGAAATGCGTAGATATTAGGAGGAACACCAGTGGCGAAGGCGGCTTACTGGACGATCACTGACGTTGAGGCTCGAAAGCGTGGGGAGCAAACAGG
seq_167	TACGTAGGGAGCAAGCGTTGTCCGGAATTACTGGGTGTAAAGGGAGCGTAGGCGGGTGCTCAAGTTGAATGTGAAATGCAGAGGCTCAACCTCTGAATTGCGTTCAAAACTGAGTATCTTGAGTGAAGTAGAGGCAGGCGGAATTCCCGGTGTAGCGGTGAAATGCGTAGATATCGGGAGGAACACCAGTGGCGAAGGCGGCCTGCTGGGCTTTTACTGACGCTGATGCTCGAAAGCATGGGTAGCAAACAGG
seq_168	TACGTAGGTGGCAAGCGTTGTCCGGATTTACTGGGCGTAAAGGGTGCGTAGGCGGATGCTTAAGTGAGATGTGAAATACCTAGGCTTAACTTAGGGGCTGCATTTCAAACTGGGCATCTAGAGTACAGGAGAGGGAAACGGAATTCCTAGTGTAGCGGTGAAATGCGTAGAGATTAGGAAGAATACCAGTGGCGAAGGCGGTTTGCTGGCTGCATACTGACGCTGAAGCGCGAAAGCCAGGGGAGCAAACGGG
seq_169	TACGTAGGGGGCAAGCGTTATCCGGATTTACTGGGTGTAAAGGGAGCGTAGACGGCATGGCAAGTCTGAAGTGAAAACCCAGGGCTCAACCCTGGGACTGCTTTGGAAACTGTCAAGCTAGAGTGCAGGAGAGGTAAGTGGAATTCCTAGTGTAGCGGTGAAATGCGTAGATATTAGGAGGAACACCAGTGGCGAAGGCGGTTTACTGGACTGTAACTGACGTTGAGGCTCGAAAGCGTGGGGAGCAAACAGG
seq_170	TACGTAGGGAGCGAGCGTTGTCCGGAATTACTGGGCGTAAAGCGAGCGCAGGCGGTTTCTTAAGTCTGATGTGAAAGCCCCCGGCTCAACCGGGGAGGGTCATTGGAAACTGGGAGACTTGAGTGCAGAAGAGGAGAGTGGAATTCCATGTGTAGCGGTGAAATGCGTAGATATATGGAGGAACACCAGTGGCGAAGGCGGCTCTCTGGTCTGTAACTGACGCTGAGGCTCGAAAGCGTGGGGAGCAAACAGG
seq_171	CACGTAGGGGGCGAGCGTTGTCCGGAATTACTGGGTGTAAAGGGTGCGTAGGCGGCCTTGCAAGTCAGATGTGAAAGATCACGGCTTAACTGTGGTAAGCATTTGAAACTGTAAGGCTTGAGTGCAGGAGAGGAGAGTGGAATTCCTAGTGTAGCGGTGAAATGCGTAGATATTAGGAGGAACACCAGCGGCGAAGGCGGCTTACTGGACGATAACTGACGTTGAGGCTCGAAAGCGTGGGGAGCAAACAGG
seq_172	TACGTAGGTGGCAAGCGTTGTCCGGATTTACTGGGCGTAAAGAGTATGTAGGCGGATATTTAAGTCAGATGTGAAATTCCCGGGCTTAACCTGGGCGCTGCATTTGATACTGGATATCTAGAGTGTGGGAGAGGAAAGCGGAATTCCTAGTGTAGCGGTGAAATGCGTAGAGATTAGGAAGAACACCAGTGGCGAAGGCGGCTTTCTGGACCATAACTGACGCTGAGATACGAAAGCGTGGGGAGCAAACAGG
seq_173	TACGTAGGGGGCGAGCGTTATCCGGATTCATTGGGCGTAAAGCGCGCGTAGGCGGCCCGTCAAGCGGAACCTCTAACCCGAGGGCTCAACCCCCGGTCGGGTTCCGAACTGGCAGGCTCGAGTTTGGTAGAGGAAGATGGAATTCCCGGTGTAGCGGTGGAATGCGCAGATATCGGGAAGAACACCGATGGCGAAGGCAGTCTTCTGGGCCATCAACTGACGCTGAGGCGCGAAAGCGTGGGGAGCAAACAGG
seq_174	CACGTAGGGGGCGAGCGTTGTCCGGAATTACTGGGTGTAAAGGGTGCGTAGGCGGCCTTGCAAGTCAGATGTGAAAGATCACGGCTTAACTGTGGTAAGCATTTGAAACTGTAAGGCTTGAGTGCAGGAGAGGAGAGTGGAATTCCTAGTGTAGCGGTGAAATGCGTAGATATTAGGAGGAATACCGGTGGCGAAGGCGACTTGCTGGACTTCAACTGACGCTGAGGAACGAAAGTGTGGGTAGCAAACAGG
seq_175	TACGTAGGGGGCAAGCGTTATCCGGATTTACTGGGTGTAAAGGGAGCGTAGACGGCAGTGCAAGTCTGATGTGAAAGCCCGGGGCTCAACCCCGGGACTGCATTGGAAACTGTGCAGCTAGAGTGTCGGAGAGGTAAGTGGAATTCCTAGTGTAGCGGTGAAATGCGTAGATATTAGGAGGAACACCAGTGGCGAAGGCGGCTTACTGGACGATGACTGACGTTGAGGCTCGAAAGCGTGGGGAGCAAACAGG
seq_176	TACGTAGGTGGCAAGCGTTATCCGGATTTACTGGGTGTAAAGGGCGTGTAGGCGGGAGTGCAAGTCAGATGTGAAAACTATGGGCTCAACCCATAGCCTGCATTTGAAACTGTACTTCTTGAGTGATGGAGAGGCAGGCGGAATTCCCTGTGTAGCGGTGAAATGCGTAGATATAGGGAGGAACACCAGTGGCGAAGGCGGCCTGCTGGACATTAACTGACGCTGAGGCGCGAAAGCGTGGGGAGCAAACAGG
seq_177	TACGTAGGGGGCTAGCGTTGTCCGGAATCACTGGGCGTAAAGGGTTCGCAGGCGGAAATGCAAGTCAGGTGTAAAAGGCAGTAGCTTAACTACTGTAAGCATTTGAAACTGCATATCTTGAGAAGAGTAGAGGTAAGTGGAATTTTTAGTGTAGCGGTGAAATGCGTAGATATTAGGAAGAACACCAGTGGCGAAGGCGACTTTCTGGACGAAGACTGACGCTGAGGCGCGAAAGCCAGGGGAGCGAACGGG
seq_178	TACGTAAGGTCCGAGCGTTGTCCGGAATCATTGGGCGTAAAGGGTACGTAGGCGGGTAAGCAAGTTAGAAGTGAAATCCTATAGCTCAACTATAGTAAGCTTTTAAAACTGCTCATCTTGAGATATGGAAGGGAAAGTGGAATTCCTAGTGTAGCGGTGAAATGCGCAGATATTAGGAGGAATACCGGTGGCGAAGGCGACTTTCTGGCCATAATCTGACGCTGAGGTACGAAAGCGTGGGTAGCAAACAGG
seq_179	TACGTAGGGGGCAAGCGTTATCCGGATTTACTGGGTGTAAAGGGAGCGTAGACGGCGACGCAAGTCTGGAGTGAAAGCCCGGGGCCCAACCCCGGGACTGCTTTGGAAACTGTGTTGCTGGAGTGCAGGAGAGGTAAGTGGAATTCCTAGTGTAGCGGTGAAATGCGTAGATATTAGGAGGAACACCAGTGGCGAAGGCGGCCTGCTGGACGATGACTGACGTTGAGGCTCGAAAGCGTGGGGAGCAAACAGG
seq_180	TACGTAGGGGGCGAGCGTTATCCGGATTCATTGGGCGTAAAGCGCGCGTAGGCGGCCCGGCAGGCCGGGGGTCGAAGCGGGGGGCTCAACCCCCCGAAGCCCCCGGAACCTCCGCGGCTTGGGTCCGGTAGGGGAGGGTGGAACACCCGGTGTAGCGGTGGAATGCGCAGATATCGGGTGGAACACCGGTGGCGAAGGCGGCCCTCTGGGCCGAGACCGACGCTGAGGCGCGAAAGCTGGGGGAGCGAACGGG
seq_181	TACGGAGGGTGCAAGCGTTAATCGGAATTACTGGGTGTAAAGCGCACGCAGGCGGTCTGTCAAGTCGGATGTGAAATCCCCGGGCTCAACCTGGGAACTGCATTCGAAACTGGCAGGCTAGAGTCTTGTAGAGGGGGGTAGAATTCCAGGTGTAGCGGTGAAATGCGTAGAGATCTGGAGGAATACCGGTGGCGAAGGCGGCCCCCTGGACAAAGACTGACGCTCAGGTGCGAAAGCGTGGGGAGCAAACAGG
seq_182	TACGTAGATGGCGAGCGTTGTCCGGAATTACTGGGTGTAAAGGGAGTGTAGGCGGGATCATAAGTTGCGTGTGAAATGCAGGGGCTCAACCCCTGAACTGCGCGCAAAACTGTGGTTCTTGAGTGAAGTAGAGGCAGGCGGAATTCCCGGTGTAGCGGTGGAATGCGTAGATATCGGGAGGAACACCAGTGGCGAAGGCGGCCTGCTGGGCTTTTACTGACGCTGAGGCTCGAAAGCATGGGGAGCAAACAGG
seq_183	TACGGAGGGTGCAAGCGTTAATCGGAATTACTGGGCGTAAAGCGCACGCAGGCGGTTTGTTAAGTCAGATGTGAAATCCCCGGGCTCAACCTGGGAACTGCATCTGATACTGGCAAGCTTGAGTCTCGTAGAGGGGGGTAGAATTCCAGGTGTAGCGGTGAAATGCGTAGAGATCTGGAGGAATACCGGTGGCGAAGGCGACTGTCTGGATACATACTGACGCTCAGGTGCGAAAGCGTGGGGAGCAAACAGG
seq_184	TACGGAGGATCCGAGCGTTATCCGGATTTATTGGGTTTAAAGGGTGCGTAGGTGGTGATTTAAGTCAGCGGTGAAAGTTTGTGGCTCAACCATAAAATTGCAGTTGATACTGGCTGTCTTGAGTACAGTAGAGGTGGGCGGAATTCGTGGTGTAGCGGTGAAATGCTTAGATATCACGAAGAACTCCGATTGCGAAGGCAGCTCACTGGACTGCAACTGACACTGATGCTCGAAAGTGTGGGTATCAAACAGG
seq_185	TACGTAGATGGCGAGCGTTGTCCGGAATTACTGGGTGTAAAGGGAGTGTAGGCGGGCTGGTAAGTTGAATGTGAAACCTTCGGGCTCAACCCGGAGCGTGCGTTCAAAACTGCTGGTCTTGAGTGAAGTAGAGGCAGGCGGAATTCCCGGTGTAGCGGTGGAATGCGTAGATATCGGGAGGAACACCAGTGGCGAAGGCGGCCTGCTGGGCTTTTACTGACGCTGAGGCTCGAAAGTGTGGGTATCAAACAGG
seq_186	TACGTAGGGCGCAAGCGTTGTCCGGAATTATTGGGCGTAAAGAGCTCGTAGGCGGCTTGTCGCGTCTGCTGTGAAAGCCCGGGGCTTAACTCCGGGTGTGCAGTGGGTACGGGCAGGCTAGAGTGCAGTAGGGGTAACTGGAATTCCTGGTGTAGCGGTGAAATGCGCAGATATCAGGAGGAACACCGATGGCGAAGGCAGGTTACTGGGCTGTTACTGACGCTGAGGAGCGAAAGCATGGGGAGCGAACAGG
seq_187	TACGTAGGTGGCAAGCGTTATCCGGAATTATTGGGCGTAAAGGGTGCGTAGGCGGCGAGATAAGTCTGAGGTAAAAGCCCGTGGCTCAACCACGGTAAGCCTTGGAAACTGTCTGGCTGGAGTGCAGGAGAGGACAATGGAATTCCATGTGTAGCGGTAAAATGCGTAGATATATGGAGGAACACCAGTGGCGAAGGCGGTTGTCTGGCCTGTAACTGACGCTGAAGCACGAAAGCGTGGGGAGCAAACAGG
seq_188	TACGTAGGGGGCGAGCGTTATCCGGATTCATTGGGCGTAAAGCGCGCGTAGGCGGCCCGTCAAGCGGAACCTCTAACCCGAGGGCTCAACCCCCGGTCGGGTTCCGAACTGGCAGGCTCGAGTTTGGTAGAGGAAGATGGAATTCCCGGTGTAGCGGTGGAATGCGCAGATATCGGGAAGAACACCGATGGCGAAGGCAGTCTTCTGGGCCATCAACTGACGCTGAGGCGCGAAAGCCAGGGGAGCGAACGGG
seq_189	TACGGAGGATCCGAGCGTTATCCGGATTTATTGGGCGTAAAGAGTACGTAGGTGGTTTTCTAAGCACGGGGTTTAAGGCAATGGCTTAACCATTGTTCGCCTTGTGAACTGGAAGACTTGAGTGCAGGAGAGGAAAGCGGAATTCCTAGTGTAGCGGTGAAATGCGTAGATATTAGGAGGAACACCAGTGGCGAAGGCGGCTTTCTGGACTGTAACTGACACTGAGGTACGAAAGCGTGGGGAGCAAACAGG
seq_190	CACGTAGGGGGCGAGCGTTGTCCGGAATTACTGGGTGTAAAGGGTGCGTAGGCGGCCTTGCAAGTCAGATGTGAAAGATCACGGCTTAACTGTGGTAAGCATTTGAAACTGTAAGGCTTGAGTGCAGGAGAGGAGAGTGGAATTCCTAGTGTAGCGGTGAAATGCGTAGATATAAGGAAGAACACCAGTGGCGAAGGCGGATAACTGGACGGCAACTGACGGTGAGGCGCGAAAGCGTGGGGAGCAAACAGG
seq_191	TACGTAGGGGGCAAGCGTTATCCGGATTTACTGGGTGTAAAGGGCGTGCAGCCGGGCCGGCAAGTCAGATGTGAAATCTGGAGGCTTAACCTCCAAACTGCATTTGAAACTGTAGGTCTTGAGTACCGGAGAGGTTATCGGAATTCCTTGTGTAGCGGTGAAATGCGTAGATATAAGGAAGAACACCAGTGGCGAAGGCGGATAACTGGACGGCAACTGACGGTGAGGCGCGAAAGCGTGGGGAGCAAACAGG
seq_192	TACGTAGGGGGCAAGCGTTATCCGGATTTACTGGGTGTAAAGGGAGCGTAGACGGCACGGCAAGCCAGATGTGAAAGCCCGGGGCTCAACCCCGGGACTGCATTTGGAACTGCTGAGCTAGAGTGTCGGAGAGGCAAGTGGAATTCCTAGTGTAGCGGTGAAATGCGTAGATATCAGGAAGAATACCAGTGGCGAAGGCGGTTTGCTGGCTGCATACTGACGCTGAAGCGCGAAAGCCAGGGGAGCAAACGGG
seq_193	TACGTAGGGGGCAAGCGTTATCCGGATTTACTGGGTGTAAAGGGAGCGTAGGTGGTACTGCAAGTCAGAAGTGAAAGCCCCGTGCTTAACGTGGGGACTGCTTTTGAAACTGTGGGACTAGAGTGCAGGAGAGGTAAGTGGAATTCCTAGTGTAGCGGTGAAATGCGTAGATATTAGGAGGAACACCGGTGGCGAAGGCGGCTTACTGGACTGTAACTGACACTGAGGCTCGAAAGCGTGGGGAGCAAACAGG
seq_194	TACGTAGGGGGCAAGCGTTATCCGGATTTACTGGGTGTAAAGGGAGCGTAGACGGTAAAGCAAGTCTGAAGTGAAAGCCCGCGGCTCAACTGCGGGACTGCTTTGGAAACTGTTTAACTGGAGTGTCGGAGAGGTAAGTGGAATTCCTAGTGTAGCGGTGAAATGCGTAGATATTAGGAGGAATACCGGTGGCGAAGGCGACTTGCTGGACTTCAACTGACGCTGAGGAACGAAAGCGTGGGTAGCAAACAGG
seq_195	TACGTAGGGGGCAAGCGTTGTCCGGATTCACTGGGCGTAAAGAGCACGTAGGCGGTTAATTAAGTCAGGTGTGAAAGTTTTCGGCTCAACCGGAAAAGTGCACTTGAAACTGGATAACTTGAGTATCGGAGAGGTAAGCGGAATTCCTAGTGTAGCGGTGAAATGCGTAGAGATTAGGAAGAACACCGGTGGCGAAGGCGGCTTACTGGACGATAACTGACGCTGAGGTGCGAAAGCGTGGGGAGCGAACAGG
seq_196	TACGTAGGGAGCGAGCGTTGTCCGGAATTACTGGGCGTAAAGGGCGCGTAGGCGGCGCTTCAAGTCGTCTGTCAAAAGCCGAGGCTCAACCTTTGTAAGCATCTGAAACTGTATAGCTTGAGAAGTGTAGAGGCAAGTGGAATTTTTAGTGTAGCGGTGAAATGCGTAGATATTAAAAAGAATACCGGTGGCGAAGGCGACTTGCTGGGCACAATCTGACGCTGAGGAACGAAAGCGTGGGGAGCAAACAGG
seq_197	TACGTAAGGGGCAAGCGTTATCCGGATTTACTGGGTGTAAAGGGAGCGTAGACGGCAGTGCAAGTCTGATGTGAAAGCCCGGGGCTCAACCCCGGGACTGCATTGGAAACTGTGCAGCTAGAGTGTCGGAGAGGTAAGTGGAATTCCTAGTGTAGCGGTGAAATGCGTAGATATTAGGAAGAACACCAGTGGCGAAGGCGACTTTCTGGACGAAAACTGACGCTGAGGCGCGAAAGCCAGGGGAGCGAACGGG
seq_198	TACGTAGGGGGCGAGCGTTATCCGGATTCATTGGGCGTAAAGCGCGCGTAGGCGGCCGCGCAGGCGGGGGGTCAAATCCCGGGGCTCAACCCCGGGCCGCCCCCCGAACCGCGCGGCTTGGGTCCGGTAGGGGAGGGCGGAACACCCGGTGTAGCGGTGGAATGCGCAGATATCGGGTGGAACACCGGTGGCGAAGGCGGCCCTCTGGGCCGAGACCGACGCTGAGGCGCGAAAGCTGGGGGAGCGAACAGG
